PlayerID,PlayerName,PlayerShortName,Position
59,Dwight Yorke,Yorke,Midfielder
96,Ian Pearce,Pearce,Defender
239,Gary Speed,Speed,Midfielder
252,David James,James,Goalkeeper
277,Robbie Fowler,Fowler,Forward
321,Gary Neville,Neville,Defender
332,Nicky Butt,Butt,Midfielder
335,Ryan Giggs,Giggs,Midfielder
336,Paul Scholes,Scholes,Midfielder
356,Andrew Todd,Todd,Defender
557,Sol Campbell,Campbell,Defender
569,Nick Barmby,Barmby,Midfielder
669,Michael Duberry,Duberry,Defender
706,Robbie Savage,Savage,Midfielder
709,Steve Harper,Harper,Goalkeeper
725,Andrew Cole,Cole,Forward
776,Stephen Carr,Carr,Defender
800,Frank Lampard,Lampard,Midfielder
851,Shay Given,Given,Goalkeeper
868,Glen Little,Little,Midfielder
908,Emile Heskey,Heskey,Forward
912,Tony Warner,Warner,Goalkeeper
915,Jamie Carragher,Carragher,Defender
918,Michael Brown,Brown,Midfielder
921,Phil Neville,Neville,Midfielder
929,Danny Mills,Mills,Defender
958,Matt Oakley,Oakley,Midfielder
1004,Damien Duff,Duff,Midfielder
1005,James Beattie,Beattie,Forward
1017,Alan Stubbs,Stubbs,Defender
1042,Gavin McCann,McCann,Midfielder
1045,Ian Harte,Harte,Defender
1049,Harry Kewell,Kewell,Midfielder
1095,Dejan Stefanovic,Stefanovic,Defender
1111,Rio Ferdinand,Ferdinand,Defender
1118,Jason Euell,Euell,Forward
1131,Matt Upson,Upson,Defender
1132,Patrick Vieira,Vieira,Midfielder
1133,Julian Gray,Gray,Midfielder
1135,Nicolas Anelka,Anelka,Forward
1175,Lee Carsley,Carsley,Midfielder
1184,Richard Dunne,Dunne,Defender
1185,Michael Ball,Ball,Defender
1190,Lee Bowyer,Bowyer,Midfielder
1193,Kasey Keller,Keller,Goalkeeper
1205,Patrik Berger,Berger,Midfielder
1208,Michael Owen,Owen,Forward
1211,Wes Brown,Brown,Defender
1215,Jonathan Macken,Macken,Forward
1218,Mark Schwarzer,Schwarzer,Goalkeeper
1230,Aaron Hughes,Hughes,Defender
1242,Maik Taylor,Taylor,Goalkeeper
1249,Kevin Davies,Davies,Forward
1295,Stuart Taylor,Taylor,Goalkeeper
1302,Richard Hughes,Hughes,Midfielder
1306,Luís Boa Morte,Morte,Midfielder
1308,Gareth Barry,Barry,Midfielder
1309,Darius Vassell,Vassell,Forward
1331,Martin Taylor,Taylor,Defender
1336,Damien Johnson,Johnson,Midfielder
1337,David Dunn,Dunn,Midfielder
1342,Jussi Jääskeläinen,Jaaskelainen,Goalkeeper
1353,John Terry,Terry,Defender
1359,Chris Kirkland,Kirkland,Goalkeeper
1361,George Boateng,Boateng,Midfielder
1370,Marc Edworthy,Edworthy,Defender
1371,Hermann Hreidarsson,Hreidarsson,Defender
1379,Hayden Mullins,Mullins,Midfielder
1382,Marcus Bent,Bent,Forward
1391,Rory Delap,Delap,Midfielder
1401,John Oster,Oster,Midfielder
1404,Paul Robinson,Robinson,Goalkeeper
1412,Alan Smith,Smith,Midfielder
1420,Brad Friedel,Friedel,Goalkeeper
1423,Danny Murphy,Murphy,Midfielder
1426,Danny Higginbotham,Higginbotham,Defender
1429,Jonathan Greening,Greening,Midfielder
1432,Erik Nevland,Nevland,Forward
1437,Andy Griffin,Griffin,Defender
1449,Richard Cresswell,Cresswell,Forward
1458,Wayne Bridge,Bridge,Defender
1464,Luke Young,Young,Defender
1472,Stephen Bywater,Bywater,Goalkeeper
1494,Ashley Cole,Cole,Defender
1495,Jermaine Pennant,Pennant,Midfielder
1497,Freddie Ljungberg,Ljungberg,Midfielder
1502,Kanu,Kanu,Forward
1505,Jlloyd Samuel,Samuel,Defender
1515,Paul Konchesky,Konchesky,Defender
1518,Scott Parker,Parker,Midfielder
1526,Jermain Defoe,Defoe,Forward
1538,Mikael Forssell,Forssell,Forward
1542,Gary McSheffrey,McSheffrey,Forward
1554,Steve Simonsen,Simonsen,Goalkeeper
1560,Olivier Dacourt,Dacourt,Midfielder
1565,Jonathan Woodgate,Woodgate,Defender
1571,Djimi Traore,Traore,Defender
1575,Steven Gerrard,Gerrard,Midfielder
1589,Steven Caldwell,Caldwell,Defender
1595,Dietmar Hamann,Hamann,Midfielder
1597,Nolberto Solano,Solano,Midfielder
1598,Louis Saha,Saha,Forward
1609,Marlon Harewood,Harewood,Forward
1620,Garry Monk,Monk,Defender
1627,Ledley King,King,Defender
1629,Peter Crouch,Crouch,Forward
1632,Joe Cole,Cole,Midfielder
1633,Jimmy Bullard,Bullard,Midfielder
1634,Michael Carrick,Carrick,Midfielder
1651,Sylvinho,Sylvinho,Defender
1656,Jérémie Aliadière,Aliadiere,Forward
1658,Jay Bothroyd,Bothroyd,Forward
1659,Thierry Henry,Henry,Forward
1664,Andy O'Brien,O'Brien,Defender
1672,Dean Windass,Windass,Forward
1673,Robbie Blake,Blake,Midfielder
1676,Carlo Cudicini,Cudicini,Goalkeeper
1677,Mario Melchiot,Melchiot,Defender
1692,Robbie Keane,Keane,Forward
1694,Ian Evatt,Evatt,Defender
1695,Chris Riggott,Riggott,Defender
1710,Sami Hyypiä,Hyypia,Defender
1715,Paul Rachubka,Rachubka,Goalkeeper
1717,John O'Shea,O'Shea,Defender
1719,Mikaël Silvestre,Silvestre,Defender
1724,David Healy,Healy,Forward
1725,Danny Webber,Webber,Forward
1732,Gary Caldwell,Caldwell,Defender
1740,Kieron Dyer,Dyer,Midfielder
1751,Thomas Sørensen,Sorensen,Goalkeeper
1754,Jody Craddock,Craddock,Defender
1756,George McCartney,McCartney,Defender
1757,Kevin Kilbane,Kilbane,Midfielder
1768,Kevin Phillips,Phillips,Forward
1771,Anthony Gardner,Gardner,Defender
1772,Matthew Etherington,Etherington,Midfielder
1775,Simon Davies,Davies,Midfielder
1780,Paul Robinson,Robinson,Defender
1791,Heidar Helguson,Helguson,Forward
1799,Tommy Smith,Smith,Forward
1804,Richard Garcia,Garcia,Forward
1815,Darren Moore,Moore,Defender
1829,John Halls,Halls,Defender
1830,Moritz Volz,Volz,Defender
1831,Lauren,Lauren,Defender
1835,Robert Pires,Pires,Midfielder
1840,Thomas Hitzlsperger,Hitzlsperger,Midfielder
1848,Dean Kiely,Kiely,Goalkeeper
1849,Danny Shittu,Shittu,Defender
1866,Eidur Gudjohnsen,Gudjohnsen,Forward
1868,Calum Davenport,Davenport,Defender
1869,Craig Bellamy,Bellamy,Forward
1870,Lee Grant,Grant,Goalkeeper
1881,Tony Hibbert,Hibbert,Defender
1886,Thomas Gravesen,Gravesen,Midfielder
1887,Leon Osman,Osman,Midfielder
1889,Wayne Brown,Brown,Defender
1890,Titus Bramble,Bramble,Defender
1909,Mark Viduka,Viduka,Forward
1911,Damien Delaney,Delaney,Defender
1919,Grégory Vignal,Vignal,Defender
1929,Stephen Jordan,Jordan,Defender
1932,Dickson Etuhu,Etuhu,Midfielder
1934,Shaun Wright-Phillips,Wright-Phillips,Midfielder
1941,Alan Tate,Tate,Defender
1943,Darren Fletcher,Fletcher,Midfielder
1947,Bradley Jones,Jones,Goalkeeper
1948,Stuart Parnaby,Parnaby,Defender
1962,Shola Ameobi,Ameobi,Forward
1972,Julio Arca,Arca,Midfielder
1974,Stephen Kelly,Kelly,Defender
1982,Kieran Richardson,Richardson,Defender
1986,James Harper,Harper,Midfielder
1999,Jamie Ashdown,Ashdown,Goalkeeper
2002,Kolo Touré,Toure,Defender
2007,Steve Sidwell,Sidwell,Midfielder
2008,Jerome Thomas,Thomas,Midfielder
2009,David Bentley,Bentley,Midfielder
2011,Boaz Myhill,Myhill,Goalkeeper
2012,Olof Mellberg,Mellberg,Defender
2013,Liam Ridgewell,Ridgewell,Defender
2018,Lucas Neill,Neill,Defender
2024,Tugay,Tugay,Midfielder
2031,Nicky Hunt,Hunt,Defender
2040,Kevin Nolan,Nolan,Midfielder
2041,Ricardo Gardner,Gardner,Midfielder
2047,Jonathan Walters,Walters,Forward
2053,Robert Huth,Huth,Defender
2054,William Gallas,Gallas,Defender
2056,Boudewijn Zenden,Zenden,Midfielder
2058,Carlton Cole,Cole,Forward
2064,Wayne Rooney,Rooney,Forward
2069,Marcus Hahnemann,Hahnemann,Goalkeeper
2070,Edwin van der Sar,Sar,Goalkeeper
2072,Steve Finnan,Finnan,Defender
2074,Mark Hudson,Hudson,Defender
2075,Zat Knight,Knight,Defender
2076,Dean Leacock,Leacock,Defender
2078,Steed Malbranque,Malbranque,Midfielder
2080,Sean Davis,Davis,Midfielder
2081,Eddie Lewis,Lewis,Midfielder
2098,Darren Bent,Bent,Forward
2100,James Milner,Milner,Midfielder
2101,Caleb Folan,Folan,Forward
2110,John Arne Riise,Riise,Defender
2111,Milan Baros,Baros,Forward
2112,Roy Carroll,Carroll,Goalkeeper
2119,David Murphy,Murphy,Defender
2120,Franck Queudrue,Queudrue,Defender
2122,Stewart Downing,Downing,Midfielder
2125,Sylvain Distin,Distin,Defender
2126,Laurent Robert,Robert,Midfielder
2127,Jermaine Jenas,Jenas,Midfielder
2128,Michael Chopra,Chopra,Forward
2129,Chris Baird,Baird,Defender
2133,Brett Ormerod,Ormerod,Forward
2148,Glen Johnson,Johnson,Defender
2151,Elliott Ward,Ward,Defender
2152,Leon Britton,Britton,Midfielder
2163,Justin Hoyte,Hoyte,Defender
2165,Gilberto Silva,Silva,Midfielder
2168,Rob Edwards,Edwards,Defender
2169,Ulises de la Cruz,Cruz,Defender
2171,Peter Whittingham,Whittingham,Midfielder
2172,Keith Fahey,Fahey,Midfielder
2173,Johannes Karl Gudjonsson,Gudjonsson,Midfielder
2180,Michael Johnson,Johnson,Defender
2183,Mat Sadler,Sadler,Defender
2187,Bryan Hughes,Hughes,Midfielder
2193,Stern John,John,Forward
2195,Craig Fagan,Fagan,Forward
2199,Jay McEveley,McEveley,Defender
2201,Neil Danns,Danns,Midfielder
2204,Paul Gallagher,Gallagher,Midfielder
2206,Bernard Mendy,Mendy,Midfielder
2208,Ivan Campo,Campo,Midfielder
2214,Robert Elliot,Elliot,Goalkeeper
2216,Darren Randolph,Randolph,Goalkeeper
2217,Michael Turner,Turner,Defender
2220,Nathan Ashton,Ashton,Defender
2239,Joseph Yobo,Yobo,Defender
2250,Scott Carson,Carson,Goalkeeper
2258,Frazer Richardson,Richardson,Defender
2259,Clarke Carlisle,Carlisle,Defender
2260,Matthew Kilgallon,Kilgallon,Defender
2270,Aaron Lennon,Lennon,Midfielder
2274,Adam Johnson,Johnson,Midfielder
2279,Stephen Warnock,Warnock,Defender
2283,Alou Diarra,Diarra,Midfielder
2285,Salif Diao,Diao,Midfielder
2289,El Hadji Diouf,Diouf,Midfielder
2293,Paddy McCarthy,McCarthy,Midfielder
2296,Sun Jihai,Jihai,Defender
2299,Glenn Whelan,Whelan,Midfielder
2303,Joey Barton,Barton,Midfielder
2307,Danny Pugh,Pugh,Defender
2309,Ross Turnbull,Turnbull,Goalkeeper
2313,Andrew Davies,Davies,Defender
2316,Geremi,Geremi,Midfielder
2322,Bradley Orr,Orr,Defender
2323,Steven Taylor,Taylor,Defender
2329,Antti Niemi,Niemi,Goalkeeper
2338,Andrew Surman,Surman,Midfielder
2339,Richard Chaplow,Chaplow,Midfielder
2340,David McGoldrick,McGoldrick,Forward
2341,Nathan Dyer,Dyer,Midfielder
2359,Dean Marney,Marney,Midfielder
2382,Jason Koumas,Koumas,Midfielder
2385,Jason Roberts,Roberts,Forward
2390,Zoltán Gera,Gera,Midfielder
2391,Sherjill MacDonald,MacDonald,Forward
2393,Anton Ferdinand,Ferdinand,Defender
2402,Brian McBride,McBride,Forward
2403,Keith Southern,Southern,Midfielder
2409,Jens Lehmann,Lehmann,Goalkeeper
2412,Philippe Senderos,Senderos,Defender
2413,Gaël Clichy,Clichy,Defender
2417,Cesc Fàbregas,Fabregas,Midfielder
2419,Quincy Owusu-Abeyie,Owusu-Abeyie,Forward
2423,Steven Davis,Davis,Midfielder
2424,Luke Moore,Moore,Forward
2425,Colin Doyle,Doyle,Goalkeeper
2433,Barry Ferguson,Ferguson,Midfielder
2434,Brett Emerton,Emerton,Midfielder
2435,Steven Reid,Reid,Defender
2437,Matt Derbyshire,Derbyshire,Forward
2443,Stelios Giannakopoulos,Giannakopoulos,Midfielder
2447,Ricardo Vaz Tê,Te,Forward
2452,Alexei Smertin,Smertin,Midfielder
2454,Claude Makelele,Makelele,Midfielder
2460,James McFadden,McFadden,Midfielder
2463,Carlos Bocanegra,Bocanegra,Defender
2464,Liam Rosenior,Rosenior,Defender
2471,Darren Pratley,Pratley,Midfielder
2472,Collins John,John,Forward
2475,Salomon Olembé,Olembe,Midfielder
2477,Andy Keogh,Keogh,Forward
2485,Richard Stearman,Stearman,Defender
2505,Zak Whitbread,Whitbread,Defender
2507,Keiren Westwood,Westwood,Goalkeeper
2508,Kasper Schmeichel,Schmeichel,Goalkeeper
2513,Antoine Sibierski,Sibierski,Forward
2516,Tim Howard,Howard,Goalkeeper
2517,Phil Bardsley,Bardsley,Defender
2518,Jonathan Spector,Spector,Defender
2521,David Fox,Fox,Midfielder
2522,Cristiano Ronaldo,Ronaldo,Forward
2523,David Jones,Jones,Midfielder
2524,Chris Eagles,Eagles,Midfielder
2527,Matthew Bates,Bates,Defender
2529,James Morrison,Morrison,Midfielder
2530,Cameron Jerome,Jerome,Forward
2531,Danny Graham,Graham,Forward
2532,Peter Ramage,Ramage,Defender
2537,Asmir Begovic,Begovic,Goalkeeper
2541,Linvoy Primus,Primus,Defender
2542,Matthew Taylor,Taylor,Midfielder
2547,Amdy Faye,Faye,Midfielder
2550,Gary O'Neil,O'Neil,Midfielder
2553,Yakubu,Yakubu,Forward
2554,Vincent Pericard,Pericard,Forward
2557,Stephen Crainey,Crainey,Defender
2558,Fitz Hall,Hall,Defender
2559,Martin Cranie,Cranie,Defender
2569,Wayne Hennessey,Hennessey,Goalkeeper
2570,Carl Ikeme,Ikeme,Goalkeeper
2574,Joleon Lescott,Lescott,Defender
2579,Michael Kightly,Kightly,Midfielder
2583,Mark Davies,Davies,Midfielder
2584,Keith Andrews,Andrews,Midfielder
2588,Seol Ki-Hyeon,Ki-Hyeon,Midfielder
2589,Kenny Miller,Miller,Forward
2590,Henri Camara,Camara,Forward
2593,Leon Clarke,Clarke,Forward
2603,Bobby Zamora,Zamora,Forward
2604,Ivar Ingimarsson,Ingimarsson,Defender
2607,Manuel Almunia,Almunia,Goalkeeper
2609,Johan Djourou,Djourou,Defender
2611,Mathieu Flamini,Flamini,Midfielder
2612,Emmanuel Eboué,Eboue,Defender
2613,Sebastian Larsson,Larsson,Midfielder
2616,Robin van Persie,Persie,Forward
2619,Martin Laursen,Laursen,Defender
2620,Gary Cahill,Cahill,Defender
2622,Gabriel Agbonlahor,Agbonlahor,Forward
2624,Alex Bruce,Bruce,Defender
2625,Mehdi Nafti,Nafti,Midfielder
2634,Ryan Nelsen,Nelsen,Defender
2636,Morten Gamst Pedersen,Pedersen,Midfielder
2637,Aaron Mokoena,Mokoena,Midfielder
2643,Radhi Jaidi,Jaidi,Defender
2645,Tal Ben Haim,Haim,Defender
2647,Joseph O'Brien,O'Brien,Defender
2651,Petr Cech,Cech,Goalkeeper
2653,Ricardo Carvalho,Carvalho,Defender
2654,Paulo Ferreira,Ferreira,Defender
2655,Alex,Alex,Defender
2662,Didier Drogba,Drogba,Forward
2664,Julian Speroni,Speroni,Goalkeeper
2668,Mikele Leigertwood,Leigertwood,Midfielder
2669,Emmerson Boyce,Boyce,Defender
2671,Leon Cort,Cort,Defender
2681,Wayne Routledge,Routledge,Midfielder
2683,Tom Soares,Soares,Midfielder
2686,Ben Watson,Watson,Midfielder
2695,Andrew Johnson,Johnson,Forward
2701,Daniel Fox,Fox,Defender
2704,Mikel Arteta,Arteta,Midfielder
2705,Tim Cahill,Cahill,Forward
2707,James Vaughan,Vaughan,Forward
2711,Papa Bouba Diop,Diop,Midfielder
2719,Xabi Alonso,Alonso,Midfielder
2723,Djibril Cissé,Cisse,Forward
2728,Nedum Onuoha,Onuoha,Defender
2737,Gerard Piqué,Pique,Defender
2738,Paul McShane,McShane,Defender
2740,Liam Miller,Miller,Midfielder
2746,Sylvan Ebanks-Blake,Ebanks-Blake,Forward
2749,David Wheater,Wheater,Defender
2750,Andrew Taylor,Taylor,Defender
2751,Tony McMahon,McMahon,Defender
2755,Charles N'Zogbia,N'Zogbia,Midfielder
2758,Robert Green,Green,Goalkeeper
2759,Darren Ward,Ward,Goalkeeper
2761,Joe Lewis,Lewis,Goalkeeper
2765,Adam Drury,Drury,Defender
2766,Jason Shackell,Shackell,Defender
2778,Dean Ashton,Ashton,Forward
2787,Ricardo Fuller,Fuller,Forward
2789,Diomansy Kamara,Kamara,Forward
2795,Jelle Van Damme,Damme,Defender
2796,Kenwyne Jones,Jones,Forward
2797,Leon Best,Best,Forward
2798,Marton Fülöp,Fulop,Goalkeeper
2799,Radek Cerny,Cerny,Goalkeeper
2802,Noé Pamarot,Pamarot,Defender
2803,Erik Edman,Edman,Defender
2805,Michael Dawson,Dawson,Defender
2808,Pedro Mendes,Mendes,Midfielder
2812,Andy Reid,Reid,Midfielder
2815,Mido,Mido,Forward
2817,Luke Daniels,Daniels,Goalkeeper
2818,Tomasz Kuszczak,Kuszczak,Goalkeeper
2819,Robert Earnshaw,Earnshaw,Forward
2823,Shaun Derry,Derry,Midfielder
2830,Robert Hulse,Hulse,Forward
2834,Vito Mannone,Mannone,Goalkeeper
2835,Armand Traore,Traore,Defender
2836,Matthew Connolly,Connolly,Defender
2837,Alexandre Song,Song,Midfielder
2838,Aliaksandr Hleb,Hleb,Midfielder
2839,Theo Walcott,Walcott,Forward
2840,Abou Diaby,Diaby,Midfielder
2841,Fabrice Muamba,Muamba,Midfielder
2842,Anthony Stokes,Stokes,Forward
2843,Carlos Vela,Vela,Forward
2844,Nicklas Bendtner,Bendtner,Forward
2845,Emmanuel Adebayor,Adebayor,Forward
2846,Wilfred Bouma,Bouma,Defender
2847,Craig Gardner,Gardner,Midfielder
2861,DJ Campbell,Campbell,Forward
2862,Sone Aluko,Aluko,Forward
2866,Zurab Khizanishvili,Khizanishvili,Defender
2867,Martin Olsson,Olsson,Defender
2870,Shefki Kuqi,Kuqi,Forward
2871,Ali Al Habsi,Habsi,Goalkeeper
2878,Abdoulaye Diagne-Faye,Diagne-Faye,Defender
2886,Ryan Bertrand,Bertrand,Defender
2887,Michael Mancienne,Mancienne,Defender
2889,Jack Cork,Cork,Midfielder
2890,Michael Essien,Essien,Midfielder
2892,Scott Sinclair,Sinclair,Forward
2893,Lassana Diarra,Diarra,Midfielder
2896,John Ruddy,Ruddy,Goalkeeper
2897,Nuno Valente,Valente,Defender
2901,Andy van der Meijde,Meijde,Midfielder
2905,Victor Anichebe,Anichebe,Forward
2907,Philippe Christanval,Christanval,Defender
2908,Robert Milsom,Milsom,Midfielder
2911,Pepe Reina,Reina,Goalkeeper
2912,David Martin,Martin,Goalkeeper
2913,Antonio Barragán,Barragan,Defender
2916,Daniel Agger,Agger,Defender
2917,Jack Hobbs,Hobbs,Defender
2921,Mohamed Sissoko,Sissoko,Midfielder
2925,Micah Richards,Richards,Defender
2928,Stephen Ireland,Ireland,Midfielder
2929,Albert Riera,Riera,Midfielder
2930,Georgios Samaras,Samaras,Forward
2931,Ishmael Miller,Miller,Forward
2932,Ben Foster,Foster,Goalkeeper
2933,Tom Heaton,Heaton,Goalkeeper
2934,Patrice Evra,Evra,Defender
2935,Nemanja Vidic,Vidic,Defender
2936,James Chester,Chester,Defender
2937,Richard Eckersley,Eckersley,Defender
2940,Park Ji-Sung,Ji-Sung,Midfielder
2942,Darron Gibson,Gibson,Midfielder
2943,Lee Martin,Martin,Midfielder
2945,Fraizer Campbell,Campbell,Forward
2946,Emanuel Pogatetz,Pogatetz,Defender
2947,Josh Walker,Walker,Midfielder
2948,Fábio Rochemback,Rochemback,Midfielder
2949,Lee Cattermole,Cattermole,Midfielder
2950,Tom Craddock,Craddock,Forward
2955,Emre,Emre,Midfielder
2969,Benjani,Benjani,Forward
2970,Franck Songo'o,Songo'o,Midfielder
2971,Kelvin Davis,Davis,Goalkeeper
2972,Ben Alnwick,Alnwick,Goalkeeper
2974,Nyron Nosworthy,Nosworthy,Defender
2976,Danny Collins,Collins,Defender
2980,Dean Whitehead,Whitehead,Midfielder
2981,Liam Lawrence,Lawrence,Midfielder
2982,Grant Leadbitter,Leadbitter,Midfielder
2985,Daryl Murphy,Murphy,Forward
2988,Lee Young-Pyo,Young-Pyo,Defender
2989,Paul Stalteri,Stalteri,Defender
2991,Tom Huddlestone,Huddlestone,Midfielder
2992,Teemu Tainio,Tainio,Midfielder
2993,Hossam Ghaly,Ghaly,Midfielder
2994,Jamie O'Hara,O'Hara,Midfielder
2997,Curtis Davies,Davies,Defender
3009,Danny Gabbidon,Gabbidon,Defender
3010,James Collins,Collins,Defender
3013,Yossi Benayoun,Benayoun,Midfielder
3014,Mark Noble,Noble,Midfielder
3015,Nigel Reo-Coker,Reo-Coker,Midfielder
3017,Kyel Reid,Reid,Midfielder
3020,Hogan Ephraim,Ephraim,Midfielder
3022,Mike Pollitt,Pollitt,Goalkeeper
3026,Pascal Chimbonda,Chimbonda,Defender
3027,Ryan Taylor,Taylor,Defender
3029,Paul Scharner,Scharner,Defender
3030,Leighton Baines,Baines,Defender
3034,Gary Teale,Teale,Midfielder
3035,Josip Skoko,Skoko,Midfielder
3037,David Connolly,Connolly,Forward
3040,Stuart Holden,Holden,Midfielder
3041,Grzegorz Rasiak,Rasiak,Forward
3046,Kieran Gibbs,Gibbs,Defender
3048,Gavin Hoyte,Hoyte,Defender
3049,Henri Lansbury,Lansbury,Midfielder
3052,Tomas Rosicky,Rosicky,Midfielder
3053,Denilson,Denilson,Midfielder
3054,Fran Mérida,Merida,Midfielder
3056,Mark Randall,Randall,Midfielder
3057,Jay Simpson,Simpson,Forward
3062,Ashley Young,Young,Defender
3063,Stiliyan Petrov,Petrov,Midfielder
3064,Isaiah Osbourne,Osbourne,Midfielder
3065,John Carew,Carew,Forward
3066,Shaun Maloney,Maloney,Midfielder
3067,Jason Brown,Brown,Goalkeeper
3069,André Ooijer,Ooijer,Defender
3070,Christopher Samba,Samba,Defender
3071,Bruno Berner,Berner,Defender
3076,Keith Treacy,Treacy,Midfielder
3080,Benni McCarthy,McCarthy,Forward
3082,Abdoulaye Méité,Meite,Defender
3084,Lubomir Michalik,Michalik,Defender
3087,Andranik Teymourian,Teymourian,Midfielder
3097,Henrique Hilário,Hilario,Goalkeeper
3099,Sam Hutchinson,Hutchinson,Midfielder
3102,John Obi Mikel,Mikel,Midfielder
3103,Michael Ballack,Ballack,Midfielder
3106,Andriy Shevchenko,Shevchenko,Forward
3107,Salomon Kalou,Kalou,Midfielder
3111,Manuel Fernandes,Fernandes,Midfielder
3114,Elliot Omozusi,Omozusi,Defender
3116,Matthew Briggs,Briggs,Defender
3121,Clint Dempsey,Dempsey,Forward
3125,Emiliano Insúa,Insua,Defender
3126,Fábio Aurélio,Aurelio,Defender
3127,Álvaro Arbeloa,Arbeloa,Defender
3129,Stephen Darby,Darby,Defender
3131,Danny Guthrie,Guthrie,Midfielder
3132,Nabil El Zhar,Zhar,Midfielder
3134,Adam Hammill,Hammill,Midfielder
3135,Dirk Kuyt,Kuyt,Midfielder
3136,Javier Mascherano,Mascherano,Defender
3137,Lucas Leiva,Leiva,Midfielder
3138,Lee Peltier,Peltier,Defender
3142,Andreas Isaksson,Isaksson,Goalkeeper
3143,Joe Hart,Hart,Goalkeeper
3149,Kelvin Etuhu,Etuhu,Midfielder
3151,Michael Johnson,Johnson,Midfielder
3153,Emile Mpenza,Mpenza,Forward
3154,Daniel Sturridge,Sturridge,Forward
3156,Jonny Evans,Evans,Defender
3157,Danny Simpson,Simpson,Defender
3158,Ryan Shawcross,Shawcross,Defender
3160,Craig Cathcart,Cathcart,Defender
3165,Seb Hines,Hines,Defender
3166,Herold Goulon,Goulon,Midfielder
3167,Lee Dong-Gook,Dong-Gook,Forward
3169,Tim Krul,Krul,Goalkeeper
3170,Fraser Forster,Forster,Goalkeeper
3172,David Edgar,Edgar,Defender
3173,Kazenga LuaLua,LuaLua,Midfielder
3175,Andy Carroll,Carroll,Forward
3176,Obafemi Martins,Martins,Forward
3179,Arnold Mvuemba,Mvuemba,Midfielder
3180,Niko Kranjcar,Kranjcar,Midfielder
3182,Adam Federici,Federici,Goalkeeper
3183,Ben Hamer,Hamer,Goalkeeper
3185,Graeme Murty,Murty,Defender
3186,Nicky Shorey,Shorey,Defender
3187,Alex Pearce,Pearce,Defender
3189,André Bikey,Bikey,Defender
3192,Gregory Halford,Halford,Defender
3193,Ibrahima Sonko,Sonko,Defender
3194,Scott Golbourne,Golbourne,Defender
3196,Stephen Hunt,Hunt,Midfielder
3197,Bobby Convey,Convey,Midfielder
3200,Brynjar Gunnarsson,Gunnarsson,Midfielder
3204,Leroy Lita,Lita,Forward
3205,Kevin Doyle,Doyle,Forward
3206,Shane Long,Long,Forward
3207,Dave Kitson,Kitson,Forward
3208,Simon Cox,Cox,Forward
3210,Paddy Kenny,Kenny,Goalkeeper
3212,Claude Davis,Davis,Defender
3222,Phil Jagielka,Jagielka,Defender
3223,Michael Tonge,Tonge,Midfielder
3225,Stephen Quinn,Quinn,Midfielder
3239,Benoit Assou-Ekotto,Assou-Ekotto,Defender
3240,Ricardo Rocha,Rocha,Defender
3241,Adel Taarabt,Taarabt,Midfielder
3242,Charlie Daniels,Daniels,Defender
3243,Didier Zokora,Zokora,Midfielder
3244,Jake Livermore,Livermore,Midfielder
3247,Dimitar Berbatov,Berbatov,Forward
3251,Adrian Mariappa,Mariappa,Defender
3270,Marlon King,King,Forward
3274,Hameur Bouazza,Bouazza,Midfielder
3279,Tyrone Mears,Mears,Defender
3280,John Pantsil,Pantsil,Defender
3281,Carlos Tevez,Tevez,Forward
3283,Andreas Granqvist,Granqvist,Defender
3285,Antonio Valencia,Valencia,Defender
3286,Denny Landzaat,Landzaat,Midfielder
3291,Julius Aghahowa,Aghahowa,Forward
3292,David Cotterill,Cotterill,Midfielder
3309,Lukasz Fabianski,Fabianski,Goalkeeper
3311,Bacary Sagna,Sagna,Defender
3312,Kyle Bartley,Bartley,Defender
3314,Luke Ayling,Ayling,Defender
3316,Håvard Nordtveit,Nordtveit,Defender
3317,Craig Eastmond,Eastmond,Midfielder
3318,Eduardo da Silva,Silva,Forward
3320,Luke Freeman,Freeman,Midfielder
3324,Eric Lichaj,Lichaj,Defender
3326,Moustapha Salifou,Salifou,Midfielder
3327,Chris Herd,Herd,Midfielder
3329,Richard Kingson,Kingson,Goalkeeper
3330,Rafael Schmitz,Schmitz,Defender
3333,Jordon Mutch,Mutch,Midfielder
3334,Daniel de Ridder,Ridder,Midfielder
3335,Olivier Kapo,Kapo,Midfielder
3336,Borja Oubiña,Oubina,Midfielder
3337,Garry O'Connor,O'Connor,Forward
3338,Mauro Zárate,Zarate,Forward
3341,Gunnar Nielsen,Nielsen,Goalkeeper
3343,Johann Vogel,Vogel,Midfielder
3346,Roque Santa Cruz,Cruz,Forward
3347,Maceo Rigters,Rigters,Forward
3348,Ádám Bogdán,Bogdan,Goalkeeper
3349,Grétar Steinsson,Steinsson,Defender
3351,Mikel Alonso,Alonso,Midfielder
3352,Christian Wilhelmsson,Wilhelmsson,Midfielder
3353,Tamir Cohen,Cohen,Midfielder
3356,Daniel Braaten,Braaten,Forward
3358,Shaun Cummings,Cummings,Defender
3360,Branislav Ivanovic,Ivanovic,Defender
3361,Juliano Belletti,Belletti,Defender
3362,Patrick van Aanholt,Aanholt,Defender
3363,Florent Malouda,Malouda,Midfielder
3364,Liam Bridcutt,Bridcutt,Midfielder
3366,Franco Di Santo,Santo,Forward
3367,Claudio Pizarro,Pizarro,Forward
3370,Lewis Price,Price,Goalkeeper
3372,Miles Addison,Addison,Defender
3373,Mohammed Camara,Camara,Midfielder
3374,Lewin Nyatanga,Nyatanga,Defender
3377,Stephen Pearson,Pearson,Midfielder
3378,Mile Sterjovski,Sterjovski,Midfielder
3379,Benny Feilhaber,Feilhaber,Midfielder
3380,Emanuel Villa,Villa,Forward
3381,Giles Barnes,Barnes,Forward
3382,Paris Simmons,Simmons,Forward
3383,Stefan Wessels,Wessels,Goalkeeper
3388,Steven Pienaar,Pienaar,Midfielder
3389,Jack Rodwell,Rodwell,Midfielder
3390,Dan Gosling,Gosling,Midfielder
3392,Lukas Jutkiewicz,Jutkiewicz,Forward
3394,Brede Hangeland,Hangeland,Defender
3396,Toni Kallio,Kallio,Defender
3397,Leon Andreasen,Andreasen,Midfielder
3398,Wayne Brown,Brown,Midfielder
3399,Eddie Johnson,Johnson,Forward
3404,Martin Skrtel,Skrtel,Defender
3408,Alexander Kacaniklic,Kacaniklic,Midfielder
3411,Damien Plessis,Plessis,Midfielder
3413,Ryan Babel,Babel,Midfielder
3420,Fernando Torres,Torres,Forward
3421,Andrey Voronin,Voronin,Forward
3422,Dani Pacheco,Pacheco,Midfielder
3426,Vedran Corluka,Corluka,Defender
3427,Javier Garrido,Garrido,Defender
3428,Shaleum Logan,Logan,Defender
3429,Sam Williamson,Williamson,Defender
3430,Ryan McGivern,McGivern,Defender
3433,Geovanni,Geovanni,Midfielder
3434,Elano,Elano,Midfielder
3435,Martin Petrov,Petrov,Midfielder
3436,Gelson Fernandes,Fernandes,Midfielder
3438,Valeri Emilov Bozhinov,Bozhinov,Forward
3439,Rolando Bianchi,Bianchi,Forward
3440,Felipe Caicedo,Caicedo,Forward
3441,Ched Evans,Evans,Forward
3442,Nery Castillo,Castillo,Forward
3445,Owen Hargreaves,Hargreaves,Midfielder
3446,Anderson,Anderson,Midfielder
3447,Nani,Nani,Midfielder
3448,Tom Cleverley,Cleverley,Midfielder
3449,Rodrigo Possebon,Possebon,Midfielder
3452,Danny Welbeck,Welbeck,Forward
3453,Manucho,Manucho,Forward
3454,Federico Macheda,Macheda,Forward
3457,Jason Steele,Steele,Goalkeeper
3458,Jonathan Grounds,Grounds,Defender
3459,Mohamed Shawky,Shawky,Midfielder
3460,Afonso Alves,Alves,Forward
3461,Tuncay Sanli,Sanli,Forward
3462,José Enrique,Enrique,Defender
3463,Caçapa,Cacapa,Defender
3464,Lamine Diatta,Diatta,Defender
3465,Habib Beye,Beye,Defender
3469,Lucien Aubey,Aubey,Defender
3471,Marc Wilson,Wilson,Midfielder
3472,Sulley Muntari,Muntari,Midfielder
3473,John Utaka,Utaka,Forward
3478,David Nugent,Nugent,Forward
3480,Kalifa Cissé,Cisse,Defender
3481,Jem Karacan,Karacan,Midfielder
3482,Marek Matejovsky,Matejovsky,Midfielder
3483,Jimmy Kébé,Kebe,Midfielder
3484,Hal Robson-Kanu,Robson-Kanu,Forward
3485,Emerse Faé,Fae,Midfielder
3488,Craig Gordon,Gordon,Goalkeeper
3491,Russell Anderson,Anderson,Defender
3497,Carlos Edwards,Edwards,Midfielder
3498,Ross Wallace,Wallace,Midfielder
3499,Roy O'Donovan,O'Donovan,Forward
3500,Martyn Waghorn,Waghorn,Forward
3502,Rade Prica,Prica,Forward
3505,David Button,Button,Goalkeeper
3506,Alan Hutton,Hutton,Defender
3507,Danny Rose,Rose,Defender
3508,Younes Kaboul,Kaboul,Defender
3509,Gilberto,Gilberto,Defender
3510,Chris Gunter,Gunter,Defender
3512,Adam Smith,Smith,Defender
3513,Gareth Bale,Bale,Forward
3514,Kevin-Prince Boateng,Boateng,Forward
3515,Simon Dawkins,Dawkins,Midfielder
3517,James Tomkins,Tomkins,Defender
3518,Julien Faubert,Faubert,Defender
3520,Jack Collison,Collison,Midfielder
3521,Freddie Sears,Sears,Forward
3524,Maynor Figueroa,Figueroa,Defender
3526,Erik Hagen,Hagen,Defender
3527,Wilson Palacios,Palacios,Midfielder
3531,Gérald Cid,Cid,Defender
3533,Robert Malcolm,Malcolm,Midfielder
3536,Steve Howard,Howard,Forward
3538,Ben Hutchinson,Hutchinson,Forward
3539,David Rozehnal,Rozehnal,Defender
3543,Wojciech Szczesny,Szczesny,Goalkeeper
3546,Samir Nasri,Nasri,Midfielder
3547,Jack Wilshere,Wilshere,Midfielder
3548,Aaron Ramsey,Ramsey,Midfielder
3549,Francis Coquelin,Coquelin,Midfielder
3550,Andrey Arshavin,Arshavin,Midfielder
3551,Emmanuel Frimpong,Frimpong,Midfielder
3552,Amaury Bischoff,Bischoff,Midfielder
3554,Jay Emmanuel-Thomas,Emmanuel-Thomas,Forward
3558,Brad Guzan,Guzan,Goalkeeper
3561,Nathan Baker,Baker,Defender
3562,Ciaran Clark,Clark,Defender
3563,Carlos Cuellar,Cuellar,Defender
3564,Marc Albrighton,Albrighton,Midfielder
3565,Barry Bannan,Bannan,Midfielder
3566,Nathan Delfouneso,Delfouneso,Forward
3567,Mark Bunn,Bunn,Goalkeeper
3569,Gaël Givet,Givet,Defender
3571,Vince Grella,Grella,Midfielder
3572,Carlos Villanueva,Villanueva,Midfielder
3577,Aaron Doran,Doran,Forward
3578,Nick Blackman,Blackman,Forward
3580,Sébastien Puygrenier,Puygrenier,Defender
3581,Chris Basham,Basham,Defender
3582,Ebi Smolarek,Smolarek,Midfielder
3583,Johan Elmander,Elmander,Forward
3584,Mustapha Riga,Riga,Forward
3585,Ariza Makukula,Makukula,Forward
3586,Temitope Obadeyi,Obadeyi,Forward
3587,José Bosingwa,Bosingwa,Defender
3591,Ricardo Quaresma,Quaresma,Midfielder
3592,Deco,Deco,Midfielder
3593,Mineiro,Mineiro,Midfielder
3594,Gaël Kakuta,Kakuta,Midfielder
3595,Miroslav Stoch,Stoch,Midfielder
3597,Gökhan Töre,Tore,Midfielder
3599,Lars Jacobsen,Jacobsen,Defender
3600,Séamus Coleman,Coleman,Defender
3601,Shane Duffy,Duffy,Defender
3603,Segundo Castillo,Castillo,Midfielder
3604,Marouane Fellaini,Fellaini,Midfielder
3606,Jô,Jo,Forward
3607,Kieran Agard,Agard,Forward
3608,Jose Baxter,Baxter,Forward
3610,David Stockdale,Stockdale,Goalkeeper
3612,Fredrik Stoor,Stoor,Defender
3613,Chris Smalling,Smalling,Defender
3618,Matt Duke,Duke,Goalkeeper
3621,Andy Dawson,Dawson,Defender
3622,Liam Cooper,Cooper,Defender
3623,Sam Ricketts,Ricketts,Defender
3624,Kamil Zayatte,Zayatte,Defender
3628,Nathan Doyle,Doyle,Midfielder
3629,Ian Ashbee,Ashbee,Midfielder
3630,Ryan France,France,Midfielder
3631,Péter Halmosi,Halmosi,Midfielder
3632,Will Atkinson,Atkinson,Midfielder
3635,Daniel Cousin,Cousin,Forward
3643,Philipp Degen,Degen,Defender
3644,Martin Kelly,Kelly,Defender
3646,Andrea Dossena,Dossena,Defender
3647,Jay Spearing,Spearing,Midfielder
3650,David N'Gog,N'Gog,Forward
3651,Nathan Eccleston,Eccleston,Forward
3653,Vincent Kompany,Kompany,Defender
3654,Pablo Zabaleta,Zabaleta,Defender
3655,Gláuber,Glauber,Defender
3658,Adam Clayton,Clayton,Midfielder
3659,Nigel de Jong,Jong,Midfielder
3660,Vladimír Weiss,Weiss,Midfielder
3661,Robinho,Robinho,Forward
3662,Ron-Robert Zieler,Zieler,Goalkeeper
3663,Ben Amos,Amos,Goalkeeper
3664,Rafael,Rafael,Defender
3665,Fábio,Fabio,Defender
3666,Ritchie De Laet,Laet,Defender
3668,Zoran Tosic,Tosic,Midfielder
3669,Matty James,James,Midfielder
3670,Danny Drinkwater,Drinkwater,Midfielder
3672,Joe Bennett,Bennett,Defender
3674,John Johnson,Johnson,Defender
3676,Didier Digard,Digard,Midfielder
3677,Jonathan Franks,Franks,Midfielder
3679,Marvin Emnes,Emnes,Forward
3680,Fabricio Coloccini,Coloccini,Defender
3681,Sebastien Bassong,Bassong,Defender
3682,Ignacio González,Gonzalez,Midfielder
3683,Jonás Gutiérrez,Gutierrez,Midfielder
3684,Haris Vuckic,Vuckic,Forward
3688,Peter Løvenkrands,Lovenkrands,Forward
3689,Nile Ranger,Ranger,Forward
3692,Xisco,Xisco,Forward
3695,Nadir Belhadj,Belhadj,Defender
3697,Angelos Basinas,Basinas,Midfielder
3699,Theofanis Gekas,Gekas,Forward
3702,Andy Wilkinson,Wilkinson,Defender
3703,Ryan Shotton,Shotton,Defender
3704,Carl Dickinson,Dickinson,Defender
3705,Seyi Olofinjana,Olofinjana,Midfielder
3708,Mamady Sidibe,Sidibe,Forward
3712,Jordan Henderson,Henderson,Midfielder
3713,Jack Colback,Colback,Midfielder
3714,David Meyler,Meyler,Midfielder
3716,Jordan Cook,Cook,Forward
3719,Heurelho Gomes,Gomes,Goalkeeper
3723,Luka Modric,Modric,Midfielder
3724,Andros Townsend,Townsend,Midfielder
3725,Ryan Mason,Mason,Midfielder
3728,Roman Pavlyuchenko,Pavlyuchenko,Forward
3729,Giovani dos Santos,Santos,Midfielder
3732,Ryan Allsop,Allsop,Goalkeeper
3733,Carl Hoefkens,Hoefkens,Defender
3734,Jonas Olsson,Olsson,Defender
3735,Marek Cech,Cech,Defender
3736,Pelé,Pele,Defender
3737,Gianni Zuiverloon,Zuiverloon,Defender
3738,Shelton Martis,Martis,Defender
3739,Leon Barnett,Barnett,Defender
3740,Ryan Donk,Donk,Defender
3743,Robert Koren,Koren,Midfielder
3744,Chris Brunt,Brunt,Midfielder
3745,Kim Do-Heon,Do-Heon,Midfielder
3746,Graham Dorrans,Dorrans,Midfielder
3747,Filipe Andrade Teixeira,Teixeira,Midfielder
3748,Juan Carlos Menseguéz,Menseguez,Forward
3749,Borja Valero,Valero,Midfielder
3751,Youssouf Mulumbu,Mulumbu,Midfielder
3752,Romaine Sawyers,Sawyers,Midfielder
3753,Craig Beattie,Beattie,Forward
3754,Marc-Antoine Fortuné,Fortune,Forward
3756,Chris Wood,Wood,Forward
3757,Roman Bednar,Bednar,Forward
3759,Peter Kurucz,Kurucz,Goalkeeper
3760,Jordan Spence,Spence,Defender
3761,Radoslav Kovác,Kovac,Midfielder
3762,Hérita Ilunga,Ilunga,Defender
3764,Wálter López,Lopez,Defender
3765,Valon Behrami,Behrami,Midfielder
3766,Junior Stanislas,Stanislas,Midfielder
3767,Josh Payne,Payne,Midfielder
3769,Savio Nsereko,Nsereko,Forward
3770,Diego Tristán,Tristan,Forward
3771,Zavon Hines,Hines,Forward
3772,David Di Michele,Michele,Forward
3774,Cho Won-Hee,Won-Hee,Midfielder
3776,Jonathon Routledge,Routledge,Defender
3778,Amr Zaki,Zaki,Forward
3779,Callum McManaman,McManaman,Midfielder
3780,Hugo Rodallega,Rodallega,Forward
3796,Thomas Vermaelen,Vermaelen,Defender
3799,Fabian Delph,Delph,Midfielder
3800,Gary Gardner,Gardner,Midfielder
3801,Jonathan Hogg,Hogg,Midfielder
3803,Andreas Weimann,Weimann,Forward
3806,Roger Johnson,Johnson,Defender
3807,Scott Dann,Dann,Defender
3810,Míchel,Michel,Midfielder
3811,Nathan Redmond,Redmond,Midfielder
3814,Christian Benitez,Benitez,Forward
3816,Jay O'Shea,O'Shea,Midfielder
3817,Jake Kean,Kean,Goalkeeper
3818,Míchel Salgado,Salgado,Defender
3819,Grant Hanley,Hanley,Defender
3820,Phil Jones,Jones,Defender
3821,Steven Nzonzi,Nzonzi,Midfielder
3822,Yildiray Bastürk,Basturk,Midfielder
3823,Junior Hoilett,Hoilett,Midfielder
3824,Amine Linganzi,Linganzi,Midfielder
3825,Nikola Kalinic,Kalinic,Forward
3829,Ivan Klasnic,Klasnic,Forward
3830,Lee Chung-Yong,Chung-Yong,Midfielder
3831,Danny Ward,Ward,Forward
3833,Brian Jensen,Jensen,Goalkeeper
3834,Diego Penny,Penny,Goalkeeper
3835,Michael Duff,Duff,Defender
3837,Kevin Long,Long,Defender
3842,Graham Alexander,Alexander,Defender
3843,Christopher McCann,McCann,Midfielder
3844,Kevin McDonald,McDonald,Midfielder
3845,Wade Elliott,Elliott,Midfielder
3850,Steven Fletcher,Fletcher,Forward
3851,Jay Rodriguez,Rodriguez,Forward
3852,Martin Paterson,Paterson,Forward
3853,Frédéric Nimani,Nimani,Forward
3854,Steven Thompson,Thompson,Forward
3859,Jeffrey Bruma,Bruma,Defender
3860,Yuri Zhirkov,Zhirkov,Midfielder
3861,Nemanja Matic,Matic,Midfielder
3863,Fabio Borini,Borini,Forward
3867,John Heitinga,Heitinga,Defender
3868,Luke Garbutt,Garbutt,Defender
3869,Shkodran Mustafi,Mustafi,Defender
3876,Diniyar Bilyaletdinov,Bilyaletdinov,Midfielder
3877,Adam Forshaw,Forshaw,Midfielder
3878,Hope Akpan,Akpan,Midfielder
3880,Conor McAleny,McAleny,Forward
3883,Alex Smith,Smith,Defender
3886,Bjørn Helge Riise,Riise,Midfielder
3887,Kagisho Dikgacoi,Dikgacoi,Midfielder
3889,Stefano Okaka,Okaka,Forward
3890,David Elm,Elm,Forward
3892,Steven Mouyokolo,Mouyokolo,Defender
3894,Tom Cairney,Cairney,Midfielder
3896,Kamel Ghilas,Ghilas,Forward
3897,Jozy Altidore,Altidore,Forward
3898,Mark Cullen,Cullen,Forward
3899,Jan Vennegoor of Hesselink,Hesselink,Forward
3900,Sotirios Kyrgiakos,Kyrgiakos,Defender
3901,Daniel Ayala,Ayala,Defender
3902,Jack Robinson,Robinson,Defender
3903,Maxi Rodríguez,Rodriguez,Midfielder
3904,Alberto Aquilani,Aquilani,Midfielder
3905,Kieran Trippier,Trippier,Defender
3906,Greg Cunningham,Cunningham,Defender
3908,Dedryck Boyata,Boyata,Defender
3909,Ben Mee,Mee,Defender
3911,Abdisalam Abdulkadir Ibrahim,Ibrahim,Midfielder
3913,Alex Nimely,Nimely,Forward
3919,Gabriel Obertan,Obertan,Midfielder
3920,Paul Pogba,Pogba,Midfielder
3921,Magnus Wolff Eikrem,Eikrem,Midfielder
3923,Ryan Tunnicliffe,Tunnicliffe,Midfielder
3924,Oliver Norwood,Norwood,Midfielder
3925,Mame Biram Diouf,Diouf,Forward
3926,Joshua King,King,Forward
3929,Joel Ward,Ward,Defender
3930,Anthony Henri Vanden Borre,Borre,Defender
3931,James Hurst,Hurst,Defender
3932,Lennard Sowah,Sowah,Defender
3934,Matt Ritchie,Ritchie,Midfielder
3936,Hassan Yebda,Yebda,Midfielder
3939,Frédéric Piquionne,Piquionne,Forward
3940,Aruna Dindane,Dindane,Forward
3947,Louis Moult,Moult,Forward
3948,John Mensah,Mensah,Defender
3949,Paulo Da Silva,Silva,Defender
3951,Lorik Cana,Cana,Defender
3954,Ryan Noble,Noble,Forward
3955,Kyle Walker,Walker,Defender
3956,Kyle Naughton,Naughton,Defender
3957,Steven Caulker,Caulker,Defender
3958,Ryan Fredericks,Fredericks,Defender
3960,Harry Kane,Kane,Forward
3962,Manuel da Costa,Costa,Defender
3963,Fabio Daprelà,Daprela,Defender
3969,Ilan Araujo,Araujo,Forward
3970,Guillermo Franco,Franco,Forward
3971,Frank Nouble,Nouble,Forward
3972,Alessandro Diamanti,Diamanti,Forward
3974,Vladimir Stojkovic,Stojkovic,Goalkeeper
3975,Steve Gohouri,Gohouri,Defender
3977,Román Golobart,Golobart,Defender
3979,James McCarthy,McCarthy,Midfielder
3980,Hendry Thomas,Thomas,Midfielder
3981,Jordi Gómez,Gomez,Midfielder
3982,Mohamed Diamé,Diame,Midfielder
3983,Victor Moses,Moses,Midfielder
3984,Jason Scotland,Scotland,Forward
3985,Marcelo Moreno Martins,Martins,Forward
3987,George Elokobi,Elokobi,Defender
3989,Christophe Berra,Berra,Defender
3991,Ronald Zubar,Zubar,Defender
3992,Matt Hill,Hill,Defender
3993,Kevin Foley,Foley,Defender
3995,Scott Malone,Malone,Defender
3996,David Edwards,Edwards,Midfielder
3997,Karl Henry,Henry,Midfielder
3998,David Davis,Davis,Midfielder
3999,Stephen Ward,Ward,Defender
4000,Matthew Jarvis,Jarvis,Midfielder
4001,Nenad Milijas,Milijas,Midfielder
4002,Geoffrey Mujangi Bia,Bia,Midfielder
4003,George Friend,Friend,Defender
4004,Adlène Guédioura,Guedioura,Midfielder
4006,Nathaniel Mendez-Laing,Mendez-Laing,Midfielder
4007,Sam Vokes,Vokes,Forward
4008,Chris Iwelumo,Iwelumo,Forward
4009,Stefan Maierhofer,Maierhofer,Forward
4016,Christian Kalvenes,Kalvenes,Defender
4017,Fernando Guerrero,Guerrero,Midfielder
4020,Landon Donovan,Donovan,Midfielder
4024,Mike Williamson,Williamson,Defender
4025,Luis Jiménez,Jimenez,Midfielder
4029,Elliott Bennett,Bennett,Midfielder
4030,Laurent Koscielny,Koscielny,Defender
4031,Sébastien Squillaci,Squillaci,Defender
4033,Ignasi Miquel,Miquel,Defender
4034,Li Ke,Ke,Defender
4036,Ryo Miyaichi,Miyaichi,Midfielder
4039,Marouane Chamakh,Chamakh,Forward
4040,Benik Afobe,Afobe,Forward
4042,Michael Bradley,Bradley,Midfielder
4043,Jean Makoun,Makoun,Midfielder
4045,Martin Jiranek,Jiranek,Defender
4048,Jean Beausejour,Beausejour,Midfielder
4051,Nikola Zigic,Zigic,Forward
4053,Josh Morris,Morris,Midfielder
4054,Jermaine Jones,Jones,Midfielder
4055,Jason Lowe,Lowe,Midfielder
4056,Mauro Formica,Formica,Midfielder
4059,Rubén Rochina,Rochina,Midfielder
4061,Matthew Gilks,Gilks,Goalkeeper
4062,Mark Halstead,Halstead,Goalkeeper
4066,Neal Eardley,Eardley,Defender
4067,Alex Baptiste,Baptiste,Defender
4069,David Carney,Carney,Midfielder
4074,Matt Phillips,Phillips,Midfielder
4076,Elliot Grandin,Grandin,Midfielder
4077,David Vaughan,Vaughan,Midfielder
4078,Ludovic Sylvestre,Sylvestre,Midfielder
4081,Charlie Adam,Adam,Midfielder
4082,Ishmel Demontagnac,Demontagnac,Midfielder
4084,Jason David Ian Puncheon,Puncheon,Midfielder
4086,Gary Taylor-Fletcher,Taylor-Fletcher,Forward
4087,Luke Varney,Varney,Forward
4090,Sergei Kornilenko,Kornilenko,Forward
4093,Marcos Alonso,Alonso,Defender
4094,Josh Vela,Vela,Midfielder
4095,Rodrigo,Rodrigo,Forward
4100,David Luiz,Luiz,Defender
4101,Tomas Kalas,Kalas,Defender
4103,Ramires,Ramires,Midfielder
4104,Josh McEachran,McEachran,Midfielder
4105,Nathaniel Chalobah,Chalobah,Midfielder
4110,Ján Mucha,Mucha,Goalkeeper
4112,Eric Dier,Dier,Defender
4115,Ross Barkley,Barkley,Midfielder
4116,Jermaine Beckford,Beckford,Forward
4117,Magaye Gueye,Gueye,Forward
4118,Apostolos Vellios,Vellios,Forward
4120,Neil Etheridge,Etheridge,Goalkeeper
4121,Carlos Salcido,Salcido,Defender
4122,Rafik Halliche,Halliche,Defender
4123,Mousa Dembélé,Dembele,Midfielder
4125,Cauley Woodrow,Woodrow,Forward
4128,Danny Wilson,Wilson,Defender
4129,Jon Flanagan,Flanagan,Defender
4130,Andre Wisdom,Wisdom,Defender
4133,Raul Meireles,Meireles,Midfielder
4134,Christian Poulsen,Poulsen,Midfielder
4135,Jonjo Shelvey,Shelvey,Midfielder
4136,Conor Coady,Coady,Midfielder
4137,Tom Ince,Ince,Midfielder
4138,Luis Suárez,Suarez,Forward
4139,Milan Jovanovic,Jovanovic,Forward
4141,Aleksandar Kolarov,Kolarov,Defender
4142,Jérôme Boateng,Boateng,Defender
4144,Reece Wabara,Wabara,Defender
4145,David Silva,Silva,Midfielder
4148,Yaya Touré,Toure,Midfielder
4150,Abdul Razak,Razak,Midfielder
4151,Edin Dzeko,Dzeko,Forward
4152,Mario Balotelli,Balotelli,Forward
4153,John Guidetti,Guidetti,Forward
4154,Anders Lindegaard,Lindegaard,Goalkeeper
4158,Robbie Brady,Brady,Midfielder
4159,Ravel Morrison,Morrison,Midfielder
4161,Chicharito,Chicharito,Forward
4162,Bebé,Bebe,Forward
4163,Will Keane,Keane,Forward
4166,James Perch,Perch,Defender
4167,Shane Ferguson,Ferguson,Midfielder
4168,James Tavernier,Tavernier,Defender
4171,Hatem Ben Arfa,Arfa,Midfielder
4172,Cheick Tioté,Tiote,Midfielder
4176,Sammy Ameobi,Ameobi,Forward
4179,Simon Mignolet,Mignolet,Goalkeeper
4180,Marcos Angeleri,Angeleri,Defender
4182,Louis Laing,Laing,Defender
4183,Ahmed El Mohamady,Mohamady,Defender
4184,Cristian Riveros,Riveros,Midfielder
4185,Stéphane Sessegnon,Sessegnon,Midfielder
4186,Billy Knott,Knott,Midfielder
4188,Asamoah Gyan,Gyan,Forward
4189,Craig Lynch,Lynch,Forward
4192,Rafael van der Vaart,Vaart,Midfielder
4193,Sandro,Sandro,Midfielder
4196,Pablo Ibáñez,Ibanez,Defender
4197,Gonzalo Jara,Jara,Defender
4198,Craig Dawson,Dawson,Defender
4199,Gabriel Tamas,Tamas,Defender
4200,Somen Tchoyi,Tchoyi,Midfielder
4201,George Thorne,Thorne,Midfielder
4204,Peter Odemwingie,Odemwingie,Forward
4205,Saido Berahino,Berahino,Forward
4207,Ruud Boffin,Boffin,Goalkeeper
4209,Winston Reid,Reid,Defender
4212,Pablo Barrera,Barrera,Forward
4213,Demba Ba,Ba,Forward
4214,Victor Obinna,Obinna,Forward
4218,Antolín Alcaraz,Alcaraz,Defender
4219,Ronnie Stam,Stam,Defender
4220,Piscu,Piscu,Defender
4224,James McArthur,McArthur,Midfielder
4226,Conor Sammon,Sammon,Forward
4227,Mauro Boselli,Boselli,Forward
4229,Matt Doherty,Doherty,Defender
4237,Dekel Keinan,Keinan,Defender
4240,Omar Elabdellaoui,Elabdellaoui,Defender
4245,Emiliano Martínez,Martinez,Goalkeeper
4246,Per Mertesacker,Mertesacker,Defender
4247,André Santos,Santos,Midfielder
4248,Carl Jenkinson,Jenkinson,Defender
4252,Alex Oxlade-Chamberlain,Oxlade-Chamberlain,Midfielder
4254,Joel Campbell,Campbell,Forward
4255,Gervinho,Gervinho,Forward
4256,Park Chu-Young,Chu-Young,Forward
4257,Derrick Williams,Williams,Defender
4258,Enda Stevens,Stevens,Defender
4259,Samir Carruthers,Carruthers,Midfielder
4260,Jack Grealish,Grealish,Midfielder
4264,Adam Henley,Henley,Defender
4267,Radosav Petrovic,Petrovic,Midfielder
4268,Marcus Olsson,Olsson,Defender
4269,Simon Vukcevic,Vukcevic,Midfielder
4270,Jordan Slew,Slew,Forward
4271,Anthony Modeste,Modeste,Forward
4272,David Goodwillie,Goodwillie,Forward
4276,Tim Ream,Ream,Defender
4278,Joe Riley,Riley,Defender
4281,Marvin Sordell,Sordell,Forward
4286,Oriol Romeu,Romeu,Midfielder
4287,Juan Mata,Mata,Midfielder
4288,Kevin De Bruyne,Bruyne,Midfielder
4289,Lucas Piazón,Piazon,Midfielder
4290,Romelu Lukaku,Lukaku,Forward
4291,Patrick Bamford,Bamford,Forward
4294,Royston Ricky Drenthe,Drenthe,Midfielder
4296,Nikica Jelavic,Jelavic,Forward
4297,Denis Stracqualursi,Stracqualursi,Forward
4299,Zdenek Grygera,Grygera,Defender
4302,Pajtim Kasami,Kasami,Midfielder
4303,Marcel Gecov,Gecov,Midfielder
4304,Mahamadou Diarra,Diarra,Midfielder
4305,Kerim Frei,Frei,Midfielder
4306,Pavel Pogrebnyak,Pogrebnyak,Forward
4307,Orlando Sá,Sa,Forward
4308,Bryan Ruiz,Ruiz,Midfielder
4309,Marcello Trotta,Trotta,Forward
4310,Muamer Tankovic,Tankovic,Forward
4312,Doni,Doni,Goalkeeper
4313,Sebastián Coates,Coates,Defender
4315,Suso,Suso,Midfielder
4316,Raheem Sterling,Sterling,Forward
4317,João Teixeira,Teixeira,Midfielder
4319,Costel Pantilimon,Pantilimon,Goalkeeper
4321,Stefan Savic,Savic,Defender
4322,Karim Rekik,Rekik,Defender
4324,David Pizarro,Pizarro,Midfielder
4325,Denis Suárez,Suarez,Midfielder
4328,Sergio Agüero,Aguero,Forward
4330,David de Gea,Gea,Goalkeeper
4331,Sam Johnstone,Johnstone,Goalkeeper
4333,Michael Keane,Keane,Defender
4334,Tom Thorpe,Thorpe,Defender
4335,Ezekiel Fryers,Fryers,Defender
4336,Larnell Cole,Cole,Midfielder
4337,Jesse Lingard,Lingard,Midfielder
4339,Davide Santon,Santon,Defender
4340,Paul Dummett,Dummett,Defender
4341,Yohan Cabaye,Cabaye,Midfielder
4342,Sylvain Marveaux,Marveaux,Midfielder
4343,Mehdi Abeid,Abeid,Midfielder
4346,Papiss Demba Cissé,Cisse,Forward
4347,Declan Rudd,Rudd,Goalkeeper
4348,Jed Steer,Steer,Goalkeeper
4349,Russell Martin,Martin,Defender
4350,Marc Tierney,Tierney,Defender
4351,Ryan Bennett,Bennett,Defender
4353,Bradley Johnson,Johnson,Midfielder
4354,Andrew Crofts,Crofts,Midfielder
4355,Jonny Howson,Howson,Midfielder
4356,Anthony Pilkington,Pilkington,Midfielder
4357,Wes Hoolahan,Hoolahan,Midfielder
4358,Simon Lappin,Lappin,Midfielder
4363,Grant Holt,Holt,Forward
4364,Simeon Jackson,Jackson,Forward
4365,Steve Morison,Morison,Forward
4366,Aaron Wilbraham,Wilbraham,Forward
4367,Chris Martin,Martin,Forward
4371,Clint Hill,Hill,Defender
4372,Bruno Perone,Perone,Defender
4373,Michael Harriman,Harriman,Defender
4375,Taye Ismaila Taiwo,Taiwo,Defender
4377,Samba Diakité,Diakite,Midfielder
4378,Michael Doughty,Doughty,Midfielder
4380,Bruno Andrade,Andrade,Forward
4381,Jamie Mackie,Mackie,Forward
4382,Ákos Buzsáky,Buzsaky,Midfielder
4383,Alejandro Faurlin,Faurlin,Midfielder
4385,Patrick Agyemang,Agyemang,Forward
4394,John Egan,Egan,Defender
4395,James McClean,McClean,Midfielder
4396,Connor Wickham,Wickham,Forward
4397,Ji Dong-Won,Dong-Won,Forward
4398,Michel Vorm,Vorm,Goalkeeper
4401,Gerhard Tremmel,Tremmel,Goalkeeper
4402,Neil Taylor,Taylor,Defender
4403,Ashley Williams,Williams,Defender
4404,Federico Bessone,Bessone,Defender
4405,Angel Rangel,Rangel,Defender
4408,Ben Davies,Davies,Defender
4412,Andrea Orlandi,Orlandi,Midfielder
4413,Joe Allen,Allen,Midfielder
4414,Kemy Agustien,Agustien,Midfielder
4415,Mark Gower,Gower,Midfielder
4416,Jazz Richards,Richards,Defender
4421,Gylfi Sigurdsson,Sigurdsson,Midfielder
4422,Stephen Dobbie,Dobbie,Forward
4426,Kevin Stewart,Stewart,Midfielder
4429,Iago Falque,Falque,Forward
4430,Tom Carroll,Carroll,Midfielder
4433,Alex Pritchard,Pritchard,Midfielder
4436,Cameron Lancaster,Lancaster,Forward
4437,Gareth McAuley,McAuley,Defender
4438,Billy Jones,Jones,Defender
4439,Liam O'Neil,O'Neil,Midfielder
4445,Albert Crusat,Crusat,Midfielder
4449,Dorus de Vries,Vries,Goalkeeper
4451,Anthony Forde,Forde,Midfielder
4453,Eggert Jónsson,Jonsson,Midfielder
4455,Johnny Gorman,Gorman,Midfielder
4468,Kaspars Gorkss,Gorkss,Defender
4469,Vangelis Moras,Moras,Defender
4470,Shaun MacDonald,MacDonald,Midfielder
4472,Nacho Monreal,Monreal,Defender
4474,Héctor Bellerín,Bellerin,Defender
4477,Santi Cazorla,Cazorla,Midfielder
4478,Serge Gnabry,Gnabry,Forward
4480,Lukas Podolski,Podolski,Forward
4481,Olivier Giroud,Giroud,Forward
4482,Chuba Akpom,Akpom,Forward
4486,Ron Vlaar,Vlaar,Defender
4487,Matthew Lowton,Lowton,Defender
4488,Karim El Ahmadi,Ahmadi,Midfielder
4489,Ashley Westwood,Westwood,Midfielder
4490,Yacouba Sylla,Sylla,Midfielder
4491,Brett Holman,Holman,Forward
4492,Christian Benteke,Benteke,Forward
4493,Jordan Bowery,Bowery,Forward
4495,Andreas Christensen,Christensen,Defender
4496,César Azpilicueta,Azpilicueta,Defender
4499,Nathan Aké,Ake,Defender
4501,Oscar,Oscar,Midfielder
4502,Marko Marin,Marin,Midfielder
4503,Eden Hazard,Hazard,Forward
4504,Bryan Oviedo,Oviedo,Defender
4505,John Stones,Stones,Defender
4506,Jiang Guangtai,Guangtai,Defender
4507,Kevin Mirallas,Mirallas,Forward
4509,John Lundstram,Lundstram,Midfielder
4510,Steven Naismith,Naismith,Forward
4511,Marcus Bettinelli,Bettinelli,Goalkeeper
4513,Stanislav Manolev,Manolev,Defender
4514,Sascha Riether,Riether,Defender
4515,Giorgos Karagounis,Karagounis,Midfielder
4516,Ashkan Dejagah,Dejagah,Midfielder
4517,Urby Emanuelson,Emanuelson,Midfielder
4518,Chris David,David,Midfielder
4519,Eyong Enoh,Enoh,Midfielder
4521,Mladen Petric,Petric,Forward
4522,Danny Ward,Ward,Goalkeeper
4525,Philippe Coutinho,Coutinho,Midfielder
4526,Oussama Assaidi,Assaidi,Midfielder
4527,Jordon Ibe,Ibe,Forward
4529,Jerome Sinclair,Sinclair,Forward
4531,Maicon,Maicon,Defender
4532,Matija Nastasic,Nastasic,Defender
4534,Javi García,Garcia,Midfielder
4537,Alexander Büttner,Buttner,Defender
4538,Shinji Kagawa,Kagawa,Midfielder
4539,Wilfried Zaha,Zaha,Forward
4540,Nick Powell,Powell,Midfielder
4541,Adnan Januzaj,Januzaj,Midfielder
4542,Ángelo Henríquez,Henriquez,Forward
4543,Jak Alnwick,Alnwick,Goalkeeper
4544,Mapou Yanga-Mbiwa,Yanga-Mbiwa,Defender
4545,Massadio Haïdara,Haidara,Defender
4546,Mathieu Debuchy,Debuchy,Defender
4549,Moussa Sissoko,Sissoko,Midfielder
4550,Vurnon Anita,Anita,Midfielder
4552,Gaël Bigirimana,Bigirimana,Midfielder
4554,Yoan Gouffran,Gouffran,Midfielder
4555,Adam Campbell,Campbell,Forward
4556,Lee Camp,Camp,Goalkeeper
4557,Steven Whittaker,Whittaker,Defender
4558,Robert Snodgrass,Snodgrass,Midfielder
4560,Alexander Tettey,Tettey,Midfielder
4561,Josh Murphy,Murphy,Midfielder
4562,Luciano Becchio,Becchio,Forward
4566,Julio César,Cesar,Goalkeeper
4568,Yun Suk-Young,Suk-Young,Defender
4569,Stéphane Mbia,Mbia,Midfielder
4570,Esteban Granero,Granero,Midfielder
4572,Loïc Rémy,Remy,Forward
4573,Alex McCarthy,McCarthy,Goalkeeper
4577,Sean Morrison,Morrison,Defender
4579,Daniel Carriço,Carrico,Defender
4582,Michael Hector,Hector,Defender
4585,Jobi McAnuff,McAnuff,Midfielder
4586,Garath McCleary,McCleary,Midfielder
4587,Jay Tabb,Tabb,Midfielder
4592,Adam Le Fondre,Fondre,Forward
4593,Noel Hunt,Hunt,Forward
4598,Dominic Samuel,Samuel,Forward
4600,Paulo Gazzaniga,Gazzaniga,Goalkeeper
4601,Artur Boruc,Boruc,Goalkeeper
4604,Nathaniel Clyne,Clyne,Defender
4605,Maya Yoshida,Yoshida,Defender
4606,José Fonte,Fonte,Defender
4608,Luke Shaw,Shaw,Defender
4610,Jos Hooiveld,Hooiveld,Defender
4611,Ben Reeves,Reeves,Midfielder
4612,Jack Stephens,Stephens,Defender
4614,Dean Hammond,Hammond,Midfielder
4615,Morgan Schneiderlin,Schneiderlin,Midfielder
4616,Gastón Ramírez,Ramirez,Midfielder
4617,James Ward-Prowse,Ward-Prowse,Midfielder
4618,Adam Lallana,Lallana,Midfielder
4619,Guly do Prado,Prado,Midfielder
4620,Calum Chambers,Chambers,Defender
4621,Lloyd Isgrove,Isgrove,Midfielder
4622,Steve De Ridder,Ridder,Midfielder
4624,Dominic Gape,Gape,Midfielder
4626,Billy Sharp,Sharp,Forward
4627,Rickie Lambert,Lambert,Forward
4629,Emmanuel Mayuka,Mayuka,Forward
4634,Jack Butland,Butland,Goalkeeper
4636,Geoff Cameron,Cameron,Midfielder
4637,Brek Shea,Shea,Defender
4638,Maurice Edu,Edu,Midfielder
4640,Jordan Pickford,Pickford,Goalkeeper
4641,Kader Mangane,Mangane,Defender
4645,Alfred N'Diaye,N'Diaye,Midfielder
4647,Adam Mitchell,Mitchell,Midfielder
4648,Mikael Mandron,Mandron,Forward
4651,Chico Flores,Flores,Defender
4652,Dwight Tiendalli,Tiendalli,Defender
4654,Pablo Hernández,Hernandez,Midfielder
4655,Roland Lamah,Lamah,Midfielder
4656,Ki Sung-Yeung,Sung-Yeung,Midfielder
4657,Jonathan de Guzmán,Guzman,Midfielder
4659,Michu,Michu,Forward
4660,Itay Shechter,Shechter,Forward
4664,Hugo Lloris,Lloris,Goalkeeper
4666,Jan Vertonghen,Vertonghen,Defender
4667,Lewis Holtby,Holtby,Midfielder
4671,Goran Popov,Popov,Defender
4673,Claudio Yacob,Yacob,Midfielder
4674,Isaiah Brown,Brown,Midfielder
4675,Markus Rosenberg,Rosenberg,Forward
4680,Guy Demel,Demel,Defender
4681,Daniel Potts,Potts,Defender
4690,Modibo Maiga,Maiga,Forward
4692,Elliot Lee,Lee,Forward
4694,Robert Hall,Hall,Forward
4696,Joel Robles,Robles,Goalkeeper
4697,Iván Ramis,Ramis,Defender
4698,Eduard Campabadal,Campabadal,Defender
4699,Roger Espinoza,Espinoza,Midfielder
4700,Fraser Fyvie,Fyvie,Midfielder
4701,Arouna Koné,Kone,Forward
4705,Nuri Sahin,Sahin,Midfielder
4706,Kevin Mbabu,Mbabu,Defender
4707,Kei Kamara,Kamara,Forward
4710,Nicky Maynard,Maynard,Forward
4711,Sam Baldock,Baldock,Forward
4713,Isaac Hayden,Hayden,Midfielder
4714,Mesut Özil,Ozil,Midfielder
4717,Alexander Iwobi,Iwobi,Forward
4718,Yaya Sanogo,Sanogo,Forward
4719,Jores Okore,Okore,Defender
4720,Antonio Luna,Luna,Defender
4721,Leandro Bacuna,Bacuna,Midfielder
4722,Aleksandar Tonev,Tonev,Midfielder
4723,Nicklas Helenius,Helenius,Forward
4724,Libor Kozák,Kozak,Forward
4725,Callum Robinson,Robinson,Forward
4726,David Marshall,Marshall,Goalkeeper
4727,Simon Moore,Moore,Goalkeeper
4728,Ben Turner,Turner,Defender
4730,Kévin Théophile-Catherine,Theophile-Catherine,Defender
4732,Declan John,John,Defender
4733,Gary Medel,Medel,Midfielder
4734,Kim Bo-Kyung,Bo-Kyung,Midfielder
4735,Craig Noone,Noone,Midfielder
4736,Aron Gunnarsson,Gunnarsson,Midfielder
4737,Don Cowie,Cowie,Midfielder
4739,Andreas Cornelius,Cornelius,Forward
4740,Rudy Gestede,Gestede,Forward
4743,Rhys Healey,Healey,Forward
4747,Marco van Ginkel,Ginkel,Midfielder
4748,Willian,Willian,Forward
4750,André Schürrle,Schurrle,Midfielder
4751,Samuel Eto'o,Eto'o,Forward
4754,Jonathan Parr,Parr,Defender
4755,Dean Moxey,Moxey,Defender
4762,José Campaña,Campana,Midfielder
4763,Yannick Bolasie,Bolasie,Forward
4764,Owen Garvan,Garvan,Midfielder
4765,Stuart O'Keefe,O'Keefe,Midfielder
4766,Mile Jedinak,Jedinak,Midfielder
4767,Jonathan Williams,Williams,Midfielder
4769,Hiram Boateng,Boateng,Midfielder
4771,Dwight Gayle,Gayle,Forward
4772,Glenn Murray,Murray,Forward
4777,Gerard Deulofeu,Deulofeu,Forward
4779,Maarten Stekelenburg,Stekelenburg,Goalkeeper
4780,Elsad Zverotic,Zverotic,Defender
4781,Fernando Amorebieta,Amorebieta,Defender
4783,Derek Boateng,Boateng,Midfielder
4784,Mesca,Mesca,Midfielder
4785,Allan McGregor,McGregor,Goalkeeper
4786,Eldin Jakupovic,Jakupovic,Goalkeeper
4788,George Boyd,Boyd,Forward
4789,Gedo,Gedo,Midfielder
4791,Yannick Sagbo,Sagbo,Forward
4792,Aaron McLean,McLean,Forward
4794,Nick Proschwitz,Proschwitz,Forward
4796,Mamadou Sakho,Sakho,Defender
4797,Aly Cissokho,Cissokho,Defender
4799,Luis Alberto,Alberto,Midfielder
4800,Iago Aspas,Aspas,Forward
4802,Martín Demichelis,Demichelis,Defender
4803,Jesús Navas,Navas,Defender
4804,Fernandinho,Fernandinho,Midfielder
4805,Álvaro Negredo,Negredo,Forward
4806,Stevan Jovetic,Jovetic,Forward
4809,Guillermo Varela,Varela,Defender
4810,Leroy Fer,Fer,Midfielder
4811,Ricky van Wolfswinkel,Wolfswinkel,Forward
4812,Gary Hooper,Hooper,Forward
4813,Dejan Lovren,Lovren,Defender
4814,Jason McCarthy,McCarthy,Defender
4815,Matt Targett,Targett,Defender
4816,Victor Wanyama,Wanyama,Midfielder
4818,Harrison Reed,Reed,Midfielder
4819,Daniel Osvaldo,Osvaldo,Forward
4821,Erik Pieters,Pieters,Defender
4822,Muniesa,Muniesa,Defender
4823,Marko Arnautovic,Arnautovic,Forward
4825,Ondrej Celustka,Celustka,Defender
4826,Modibo Diakité,Diakite,Defender
4827,Valentin Roberge,Roberge,Defender
4828,Cabral,Cabral,Midfielder
4829,El-Hadji Ba,Ba,Midfielder
4830,Emanuele Giaccherini,Giaccherini,Midfielder
4831,Charalampos Mavrias,Mavrias,Midfielder
4835,Jordi Amat,Amat,Defender
4836,José Cañas,Canas,Midfielder
4837,Alejandro Pozuelo,Pozuelo,Midfielder
4838,Wilfried Bony,Bony,Forward
4839,Álvaro Vázquez,Vazquez,Forward
4840,Vlad Chiriches,Chiriches,Defender
4841,Paulinho,Paulinho,Midfielder
4842,Erik Lamela,Lamela,Midfielder
4843,Etienne Capoue,Capoue,Midfielder
4844,Nacer Chadli,Chadli,Midfielder
4845,Christian Eriksen,Eriksen,Midfielder
4846,Roberto Soldado,Soldado,Forward
4847,Nabil Bentaleb,Bentaleb,Midfielder
4848,Diego Lugano,Lugano,Defender
4849,Morgan Amalfitano,Amalfitano,Midfielder
4851,Matej Vydra,Vydra,Midfielder
4852,Adrián,Adrian,Goalkeeper
4853,Razvan Rat,Rat,Defender
4856,Kadeem Harris,Harris,Midfielder
4857,Kevin McNaughton,McNaughton,Defender
4859,Christian Atsu,Atsu,Midfielder
4863,Matty Fryatt,Fryatt,Forward
4864,Conor Townsend,Townsend,Defender
4865,Jamar Loza,Loza,Forward
4874,Joël Veltman,Veltman,Defender
4877,Mike van der Hoorn,Hoorn,Defender
4878,Jairo Riedewald,Riedewald,Midfielder
4880,Kenny Tete,Tete,Defender
4885,Siem de Jong,Jong,Midfielder
4886,Davy Klaassen,Klaassen,Midfielder
4888,Daley Blind,Blind,Defender
4896,Viktor Fischer,Fischer,Forward
4898,Bojan,Bojan,Forward
4908,Kim Källström,Kallstrom,Midfielder
4909,Roberto Jiménez,Jimenez,Goalkeeper
4911,Thibaut Courtois,Courtois,Goalkeeper
4915,Filipe Luís,Luis,Defender
4916,Toby Alderweireld,Alderweireld,Defender
4918,Javier Manquillo,Manquillo,Defender
4925,Mario Suárez,Suarez,Midfielder
4931,Saúl Ñíguez,Niguez,Midfielder
4936,Thomas Partey,Partey,Midfielder
4941,Diego Costa,Costa,Forward
4951,Víctor Valdés,Valdes,Goalkeeper
4955,Martín Montoya,Montoya,Defender
4968,Ibrahim Afellay,Afellay,Midfielder
4972,Pedro,Pedro,Forward
4973,Alexis Sánchez,Sanchez,Forward
4979,Adama Traoré,Traore,Forward
4985,Bernd Leno,Leno,Goalkeeper
4988,Konstantinos Stafylidis,Stafylidis,Defender
4989,Philipp Wollscheid,Wollscheid,Defender
4999,Son Heung-Min,Heung-Min,Forward
5001,Emre Can,Can,Midfielder
5051,João Cancelo,Cancelo,Defender
5057,Filip Djuricic,Djuricic,Midfielder
5061,André Gomes,Gomes,Midfielder
5064,Hélder Costa,Costa,Forward
5066,Victor Lindelöf,Lindelof,Defender
5067,Bernardo Silva,Silva,Midfielder
5074,Nélson Oliveira,Oliveira,Forward
5078,Lazar Markovic,Markovic,Midfielder
5079,Ivan Cavaleiro,Cavaleiro,Forward
5093,Sokratis Papastathopoulos,Papastathopoulos,Defender
5097,Erik Durm,Durm,Defender
5101,Ilkay Gündogan,Gundogan,Midfielder
5102,Henrikh Mkhitaryan,Mkhitaryan,Midfielder
5110,Pierre-Emerick Aubameyang,Aubameyang,Forward
5137,Adam Matthews,Matthews,Defender
5140,Virgil van Dijk,Dijk,Defender
5154,Stefan Johansen,Johansen,Midfielder
5156,Beram Kayal,Kayal,Midfielder
5169,Teemu Pukki,Pukki,Forward
5175,Kurt Zouma,Zouma,Defender
5178,Mohamed Salah,Salah,Forward
5179,Ruben Loftus-Cheek,Loftus-Cheek,Midfielder
5180,John Swift,Swift,Midfielder
5208,Ahmed Musa,Musa,Forward
5211,Seydou Doumbia,Doumbia,Forward
5220,Fabian Schär,Schar,Defender
5239,Mohamed Elneny,Elneny,Midfielder
5248,Albian Ajeti,Ajeti,Forward
5264,Thiago,Thiago,Midfielder
5267,Xherdan Shaqiri,Shaqiri,Midfielder
5271,Bastian Schweinsteiger,Schweinsteiger,Midfielder
5272,Pierre-Emile Højbjerg,Hojbjerg,Midfielder
5328,Danilo,Danilo,Defender
5334,Eliaquim Mangala,Mangala,Defender
5343,Ricardo Pereira,Pereira,Defender
5344,Fernando,Fernando,Midfielder
5345,Steven Defour,Defour,Midfielder
5349,Juan Iturbe,Iturbe,Forward
5354,Silvestre Varela,Varela,Forward
5361,Ralf Fährmann,Fahrmann,Goalkeeper
5365,Jan Kirchhoff,Kirchhoff,Defender
5368,Sead Kolasinac,Kolasinac,Defender
5371,Christian Fuchs,Fuchs,Defender
5375,Joel Matip,Matip,Defender
5377,Max Meyer,Meyer,Midfielder
5384,Leroy Sané,Sane,Forward
5428,Markus Suttner,Suttner,Defender
5467,Alex Telles,Telles,Defender
5490,Nordin Amrabat,Amrabat,Midfielder
5511,Mauricio Isla,Isla,Defender
5513,Martín Cáceres,Caceres,Defender
5514,Angelo Ogbonna,Ogbonna,Defender
5520,Stephan Lichtsteiner,Lichtsteiner,Defender
5548,Mbaye Diagne,Diagne,Forward
5551,Fernando Llorente,Llorente,Forward
5559,Bersant Celina,Celina,Midfielder
5561,Tom Lawrence,Lawrence,Forward
5562,James Wilson,Wilson,Forward
5566,Steve Mandanda,Mandanda,Goalkeeper
5570,Nicolas Nkoulou,Nkoulou,Defender
5575,Benjamin Mendy,Mendy,Defender
5583,Mario Lemina,Lemina,Midfielder
5585,Florian Thauvin,Thauvin,Midfielder
5586,Dimitri Payet,Payet,Midfielder
5588,Giannelli Imbula,Imbula,Midfielder
5594,André Ayew,Ayew,Forward
5595,Jordan Ayew,Ayew,Forward
5632,Antonio Nocerino,Nocerino,Midfielder
5650,M'Baye Niang,Niang,Forward
5665,Anthony Réveillere,Reveillere,Defender
5668,Miguel Britos,Britos,Defender
5671,Juan Camilo Zuñiga,Zuniga,Defender
5672,Federico Fernández,Fernandez,Defender
5682,Jorginho,Jorginho,Midfielder
5688,Pablo Armero,Armero,Defender
5691,Gökhan Inler,Inler,Midfielder
5696,Eduardo Vargas,Vargas,Forward
5698,Gonzalo Higuaín,Higuain,Forward
5713,José Holebas,Holebas,Defender
5721,Gaëtan Bong,Bong,Defender
5748,Alphonse Areola,Areola,Goalkeeper
5754,Thiago Silva,Silva,Defender
5758,Lucas Digne,Digne,Defender
5762,Lucas Moura,Moura,Forward
5771,Edinson Cavani,Cavani,Forward
5772,Zlatan Ibrahimovic,Ibrahimovic,Forward
5782,Raphaël Varane,Varane,Defender
5790,Diego Llorente,Llorente,Defender
5794,Ángel Di María,Maria,Midfielder
5803,Jesé,Jese,Forward
5804,Álvaro Morata,Morata,Forward
5806,Willian José,Jose,Forward
5810,Claudio Bravo,Bravo,Goalkeeper
5850,Chancel Mbemba,Mbemba,Defender
5859,Luka Milivojevic,Milivojevic,Midfielder
5860,Dennis Praet,Praet,Midfielder
5861,Cheikhou Kouyaté,Kouyate,Midfielder
5865,Youri Tielemans,Tielemans,Midfielder
5866,Leander Dendoncker,Dendoncker,Midfielder
5879,Aleksandar Mitrovic,Mitrovic,Forward
5906,Fred,Fred,Midfielder
5907,Bernard,Bernard,Forward
5937,Florin Gardos,Gardos,Defender
6030,Salomón Rondón,Rondon,Forward
6047,Joe Ledley,Ledley,Midfielder
6058,Nicolás Otamendi,Otamendi,Defender
6077,Kostas Mitroglou,Mitroglou,Forward
6194,Wesley Hoedt,Hoedt,Defender
6204,Markus Henriksen,Henriksen,Midfielder
6210,Jóhann Gudmundsson,Gudmundsson,Midfielder
6215,Steven Berghuis,Berghuis,Forward
6251,Henri Saivet,Saivet,Midfielder
6292,Ivo Pinto,Pinto,Defender
6362,Aleksandar Dragovic,Dragovic,Defender
6387,Jeremain Lens,Lens,Midfielder
6389,Andriy Yarmolenko,Yarmolenko,Forward
6390,Brown Ideye,Ideye,Forward
6393,Dieumerci Mbokani,Mbokani,Forward
6425,Joselu,Joselu,Forward
6451,Martin Dúbravka,Dubravka,Goalkeeper
6494,Evandro,Evandro,Midfielder
6519,Sadio Mané,Mane,Forward
6528,Valentino Lazaro,Lazaro,Midfielder
6609,Ahmed Hegazi,Hegazi,Defender
6615,Juan Cuadrado,Cuadrado,Defender
6627,Kenneth Zohore,Zohore,Forward
6671,Andrej Kramaric,Kramaric,Forward
6712,Timothy Castagne,Castagne,Defender
6784,Felipe Anderson,Anderson,Midfielder
6820,Ondrej Duda,Duda,Midfielder
6889,Rachid Ghezzal,Ghezzal,Midfielder
6899,Alexandre Lacazette,Lacazette,Forward
6900,Bafétimbi Gomis,Gomis,Forward
6903,Clinton N'Jie,N'Jie,Forward
7013,Jean Michaël Seri,Seri,Midfielder
7081,Lucas Pérez,Perez,Forward
7103,Zanka,Zanka,Defender
7105,Jetro Willems,Willems,Defender
7114,Georginio Wijnaldum,Wijnaldum,Midfielder
7120,Memphis Depay,Depay,Forward
7122,Luciano Narsingh,Narsingh,Forward
7124,Jürgen Locadia,Locadia,Forward
7163,Dani Ceballos,Ceballos,Midfielder
7175,Giedrius Arlauskis,Arlauskis,Goalkeeper
7198,Yann M'Vila,M'Vila,Midfielder
7213,Sergio Rico,Rico,Goalkeeper
7215,Federico Fazio,Fazio,Defender
7219,Alberto Moreno,Moreno,Defender
7234,Vicente Iborra,Iborra,Midfielder
7336,Vladimir Coufal,Coufal,Defender
7431,Ibrahima Cissé,Cisse,Midfielder
7450,Michy Batshuayi,Batshuayi,Forward
7482,Jay Fulton,Fulton,Midfielder
7486,Milos Veljkovic,Veljkovic,Defender
7488,Harry Winks,Winks,Midfielder
7490,Josh Onomah,Onomah,Midfielder
7500,Sol Bamba,Bamba,Defender
7548,Vicente Guaita,Guaita,Goalkeeper
7564,Sofiane Feghouli,Feghouli,Midfielder
7568,Carles Gil,Gil,Midfielder
7628,Lacina Emeghara Traoré,Traore,Forward
7744,Ola Toivonen,Toivonen,Forward
7749,Juan Cala,Cala,Defender
7934,Tyler Blackett,Blackett,Defender
7946,Demarai Gray,Gray,Forward
7975,David Raya,Raya,Goalkeeper
7990,Jordan Rhodes,Rhodes,Forward
8044,Simon Francis,Francis,Defender
8045,Steve Cook,Cook,Defender
8046,Tommy Elphick,Elphick,Defender
8049,Marc Pugh,Pugh,Midfielder
8050,Harry Arter,Arter,Midfielder
8052,Ryan Fraser,Fraser,Midfielder
8054,Eunan O'Kane,O'Kane,Midfielder
8055,Lewis Grabban,Grabban,Forward
8057,Yann Kermorgant,Kermorgant,Forward
8058,Tokelo Rantie,Rantie,Forward
8107,Oliver McBurnie,McBurnie,Forward
8143,James Tarkowski,Tarkowski,Defender
8148,Stuart Dallas,Dallas,Midfielder
8162,Bruno,Bruno,Defender
8163,Lewis Dunk,Dunk,Defender
8168,Dale Stephens,Stephens,Midfielder
8171,Solly March,March,Midfielder
8174,Leonardo Ulloa,Ulloa,Forward
8175,William Buckley,Buckley,Midfielder
8185,Joe Bryan,Bryan,Defender
8192,Bobby De Cordova-Reid,Cordova-Reid,Forward
8232,Daniel Lafferty,Lafferty,Defender
8242,Scott Arfield,Arfield,Midfielder
8245,Danny Ings,Ings,Forward
8246,Ashley Barnes,Barnes,Forward
8293,Will Norris,Norris,Goalkeeper
8317,Mats Møller Dæhli,Daehli,Midfielder
8318,Jo Inge Berget,Berget,Midfielder
8335,Gary Madine,Madine,Forward
8356,Diego Poyet,Poyet,Midfielder
8438,Cyrus Christie,Christie,Defender
8444,John Fleck,Fleck,Midfielder
8454,Callum Wilson,Wilson,Forward
8456,James Maddison,Maddison,Midfielder
8578,Max Lowe,Lowe,Defender
8586,Jeff Hendrick,Hendrick,Midfielder
8589,Will Hughes,Hughes,Midfielder
8598,James Husband,Husband,Defender
8636,Aiden McGeady,McGeady,Midfielder
8650,Matt Grimes,Grimes,Midfielder
8658,Ollie Watkins,Watkins,Forward
8691,Charlie Taylor,Taylor,Defender
8707,Dan Burn,Burn,Defender
8709,William Kvist,Kvist,Midfielder
8710,Patrick Roberts,Roberts,Midfielder
8712,Moussa Dembele,Dembele,Forward
8868,Jarrod Bowen,Bowen,Forward
8878,Tommy Smith,Smith,Defender
8882,Philip Billing,Billing,Midfielder
8888,Joe Lolley,Lolley,Forward
8889,Nahki Wells,Wells,Forward
8897,Aaron Cresswell,Cresswell,Defender
8900,Tyrone Mings,Mings,Defender
8935,Freddie Ladapo,Ladapo,Forward
8945,Sam Byram,Byram,Defender
8966,Wes Morgan,Morgan,Defender
8968,Liam Moore,Moore,Defender
8970,Marcin Wasilewski,Wasilewski,Defender
8976,Andy King,King,Midfielder
8979,Jamie Vardy,Vardy,Forward
8980,Jeffrey Schlupp,Schlupp,Midfielder
8982,Anthony Knockaert,Knockaert,Midfielder
8983,Riyad Mahrez,Mahrez,Forward
9030,Brad Smith,Smith,Defender
9031,Jordan Rossiter,Rossiter,Midfielder
9032,Cameron Brannagan,Brannagan,Midfielder
9060,Andre Gray,Gray,Forward
9100,Sam Clucas,Clucas,Midfielder
9117,Ben Gibson,Gibson,Defender
9131,Albert Adomah,Adomah,Midfielder
9134,Lee Tomlin,Tomlin,Forward
9163,Brendan Galloway,Galloway,Defender
9167,Dele Alli,Alli,Midfielder
9169,George Baldock,Baldock,Defender
9198,Luuk de Jong,Jong,Forward
9199,Adam Armstrong,Armstrong,Forward
9246,Ivan Toney,Toney,Forward
9251,Karl Darlow,Darlow,Goalkeeper
9257,Jamaal Lascelles,Lascelles,Defender
9266,Ben Osborn,Osborn,Midfielder
9293,Joel Coleman,Coleman,Goalkeeper
9377,Conor Hourihane,Hourihane,Midfielder
9417,Jordan Hugill,Hugill,Forward
9426,Adam Webster,Webster,Defender
9457,Josh Brownhill,Brownhill,Midfielder
9468,Charlie Austin,Austin,Forward
9473,Danny Williams,Williams,Midfielder
9491,Jack O'Connell,O'Connell,Defender
9566,Harry Maguire,Maguire,Defender
9567,Kieron Freeman,Freeman,Defender
9576,Dominic Calvert-Lewin,Calvert-Lewin,Forward
9581,Jamie Murphy,Murphy,Forward
9595,Michail Antonio,Antonio,Forward
9634,Connor Goldson,Goldson,Defender
9649,Sam McQueen,McQueen,Midfielder
9650,Sam Gallagher,Gallagher,Forward
9662,Jacob Murphy,Murphy,Midfielder
9762,Daniel Bachmann,Bachmann,Goalkeeper
9793,Santiago Vergini,Vergini,Defender
9794,Ignacio Scocco,Scocco,Forward
9869,Baily Cargill,Cargill,Defender
9895,Matthew Pennington,Pennington,Defender
9943,Almen Abdi,Abdi,Midfielder
9947,Troy Deeney,Deeney,Forward
9950,Ikechi Anya,Anya,Midfielder
9960,Alfie Mawson,Mawson,Defender
9980,Thievy Bifouma,Bifouma,Forward
9982,Reece Burke,Burke,Defender
9985,Marco Borriello,Borriello,Forward
10000,Kortney Hause,Hause,Midfielder
10004,Bakary Sako,Sako,Midfielder
10074,Joe Ralls,Ralls,Midfielder
10079,Nick Pope,Pope,Goalkeeper
10123,Marvin Zeegelaar,Zeegelaar,Defender
10191,Sullay Kaikai,Kaikai,Forward
10336,Duncan Watmore,Watmore,Forward
10380,Joseph Dodoo,Dodoo,Forward
10394,Bertrand Traoré,Traore,Forward
10420,David Ospina,Ospina,Goalkeeper
10423,Gabriel Paulista,Paulista,Defender
10424,Semi Ajayi,Ajayi,Defender
10428,Ainsley Maitland-Niles,Maitland-Niles,Midfielder
10430,Carlos Sánchez,Sanchez,Midfielder
10432,Rushian Marcus Amari Hepburn-Murphy,Hepburn-Murphy,Forward
10433,Andre Green,Green,Forward
10435,Fredrik Ulvestad,Ulvestad,Midfielder
10439,Ola Aina,Aina,Defender
10441,Jérémie Boga,Boga,Forward
10443,Dominic Solanke,Solanke,Forward
10444,Pape Souaré,Souare,Defender
10449,Jonjoe Kenny,Kenny,Defender
10451,Muhamed Besic,Besic,Midfielder
10455,Kieran Dowell,Dowell,Midfielder
10458,Andrew Robertson,Robertson,Defender
10460,Abel Hernández,Hernandez,Forward
10461,Dame N'Doye,N'Doye,Forward
10462,Esteban Cambiasso,Cambiasso,Midfielder
10465,Divock Origi,Origi,Forward
10466,Willy Caballero,Caballero,Goalkeeper
10467,Angeliño,Angelino,Defender
10471,José Ángel Pozo,Pozo,Midfielder
10472,Marcos Rojo,Rojo,Defender
10473,Patrick McNair,McNair,Midfielder
10475,Ander Herrera,Herrera,Midfielder
10476,Andreas Pereira,Pereira,Midfielder
10477,Radamel Falcao,Falcao,Forward
10479,Freddie Woodman,Woodman,Goalkeeper
10480,Daryl Janmaat,Janmaat,Defender
10482,Jamie Sterry,Sterry,Defender
10483,Rolando Aarons,Aarons,Midfielder
10484,Rémy Cabella,Cabella,Midfielder
10487,Ayoze Pérez,Perez,Forward
10488,Emmanuel Rivière,Riviere,Forward
10491,Darnell Furlong,Furlong,Defender
10492,Cole Kpekawa,Kpekawa,Defender
10494,Reece Grego-Cox,Grego-Cox,Midfielder
10495,Brandon Comley,Comley,Midfielder
10498,Dusan Tadic,Tadic,Forward
10499,Eljero Elia,Elia,Forward
10501,Jake Hesketh,Hesketh,Midfielder
10502,Graziano Pellè,Pelle,Forward
10503,Ryan Seager,Seager,Forward
10506,Dionatan Teixeira,Teixeira,Defender
10507,Oliver Shenton,Shenton,Midfielder
10510,Thomas Robson,Robson,Defender
10511,Ricardo Álvarez,Alvarez,Midfielder
10512,George Honeyman,Honeyman,Midfielder
10517,Stephen Kingsley,Kingsley,Defender
10518,Jefferson Montero,Montero,Midfielder
10519,Kenji Gorré,Gorre,Midfielder
10520,Modou Barrow,Barrow,Forward
10522,DeAndre Yedlin,Yedlin,Defender
10523,Benjamin Stambouli,Stambouli,Midfielder
10526,Jason Davidson,Davidson,Defender
10527,Sébastien Pocognoli,Pocognoli,Defender
10528,Cristian Gamboa,Gamboa,Defender
10532,Tyler Roberts,Roberts,Forward
10535,Reece Oxford,Oxford,Defender
10538,Nenê,Nene,Midfielder
10539,Josh Cullen,Cullen,Midfielder
10540,Diafra Sakho,Sakho,Forward
10541,Enner Valencia,Valencia,Forward
10543,Sheyi Ojo,Ojo,Midfielder
10548,Sebastián Blanco,Blanco,Midfielder
10559,Daniel Agyei,Agyei,Forward
10564,Mason Holgate,Holgate,Defender
10596,Oliver Burke,Burke,Midfielder
10604,Jota,Jota,Midfielder
10633,Bruno Ecuele Manga,Manga,Defender
10634,Tom James,James,Defender
10651,Joseph Gomez,Gomez,Defender
10654,Karlan Grant,Grant,Forward
10727,Marek Rodák,Rodak,Goalkeeper
10734,Emerson Hyndman,Hyndman,Midfielder
10761,Gaetano Berardi,Berardi,Defender
10766,Lewis Cook,Cook,Midfielder
10768,Kalvin Phillips,Phillips,Midfielder
10800,Emilio Nsue,Nsue,Midfielder
10832,Vadis Odjidja-Ofoe,Odjidja-Ofoe,Midfielder
10881,Jack Stacey,Stacey,Defender
10883,Tariqe Fosu-Henry,Fosu-Henry,Midfielder
10905,Che Adams,Adams,Forward
10947,Rico Henry,Henry,Defender
10952,Miguel Layún,Layun,Defender
10953,Juan Carlos Paredes,Paredes,Defender
10957,Odion Ighalo,Ighalo,Forward
10964,Rajiv van La Parra,Parra,Midfielder
10968,Ben Godfrey,Godfrey,Defender
11002,Jason Denayer,Denayer,Defender
11004,Kyle Lafferty,Lafferty,Forward
11013,Connor Randall,Randall,Defender
11031,Donny van de Beek,Beek,Midfielder
11033,Anwar El Ghazi,Ghazi,Midfielder
11034,Richairo Zivkovic,Zivkovic,Forward
11044,Aymeric Laporte,Laporte,Defender
11070,Jesús Gámez,Gamez,Defender
11071,Raúl Jiménez,Jimenez,Forward
11074,Sandro Ramírez,Ramirez,Forward
11111,Josip Drmic,Drmic,Forward
11134,Jon Stankovic,Stankovic,Defender
11146,Jake Clarke-Salter,Clarke-Salter,Defender
11147,Charly Musonda,Musonda,Midfielder
11177,Bruno Martins Indi,Indi,Defender
11180,Rúben Neves,Neves,Midfielder
11191,Eric Choupo-Moting,Choupo-Moting,Forward
11213,Roberto Pereyra,Pereyra,Midfielder
11224,Robin Olsen,Olsen,Goalkeeper
11247,Fabinho,Fabinho,Midfielder
11259,João Moutinho,Moutinho,Midfielder
11260,Tiemoué Bakayoko,Bakayoko,Midfielder
11267,Aboubakar Kamara,Kamara,Forward
11272,Anthony Martial,Martial,Forward
11284,Arthur Masuaku,Masuaku,Defender
11293,Serge Aurier,Aurier,Defender
11300,James Rodríguez,Rodriguez,Midfielder
11323,Víctor Ibarbo,Ibarbo,Forward
11341,Rui Patrício,Patricio,Goalkeeper
11347,Cédric Soares,Soares,Defender
11355,João Mário,Mario,Midfielder
11357,Adrien Silva,Silva,Midfielder
11362,Daniel Podence,Podence,Midfielder
11363,Matheus Pereira,Pereira,Midfielder
11364,Islam Slimani,Slimani,Forward
11366,André Carrillo,Carrillo,Midfielder
11373,Kepa Arrizabalaga,Arrizabalaga,Goalkeeper
11419,Martin Ødegaard,Odegaard,Midfielder
11575,Rob Holding,Holding,Defender
11961,Lynden Gooch,Gooch,Midfielder
12114,Cenk Tosun,Tosun,Forward
12136,Granit Xhaka,Xhaka,Midfielder
12173,Florent Hadergjonaj,Hadergjonaj,Defender
12185,Kieran Tierney,Tierney,Defender
12186,Stuart Armstrong,Armstrong,Midfielder
12192,Mathew Ryan,Ryan,Goalkeeper
12199,Björn Engels,Engels,Defender
12212,José Izquierdo,Izquierdo,Forward
12215,Obbi Oularé,Oulare,Forward
12299,Léo Bonatini,Bonatini,Forward
12306,Daniel Amartey,Amartey,Defender
12316,Naby Keïta,Keita,Midfielder
12322,Takumi Minamino,Minamino,Forward
12359,Terence Kongolo,Kongolo,Defender
12365,Jordy Clasie,Clasie,Midfielder
12444,Jonas Lössl,Lossl,Goalkeeper
12463,Jérémy Pied,Pied,Defender
12512,Andrea Ranocchia,Ranocchia,Defender
12520,Mateo Kovacic,Kovacic,Midfielder
12536,Denis Odoi,Odoi,Defender
12576,Djibril Sidibé,Sidibe,Defender
12582,Idrissa Gueye,Gueye,Midfielder
12584,Sofiane Boufal,Boufal,Midfielder
12639,Manolo Gabbiadini,Gabbiadini,Forward
12703,Steven Bergwijn,Bergwijn,Forward
12707,Ederson,Ederson,Goalkeeper
12735,Grzegorz Krychowiak,Krychowiak,Midfielder
12815,Max-Alain Gradel,Gradel,Midfielder
12817,Allan Saint-Maximin,Saint-Maximin,Forward
12847,Pontus Jansson,Jansson,Defender
12854,Matteo Darmian,Darmian,Defender
12891,Timm Klose,Klose,Defender
12937,Eric Bailly,Bailly,Defender
12946,Aleix García,Garcia,Midfielder
12949,Luciano Vietto,Vietto,Forward
12983,Adama Diomande,Diomande,Forward
13089,Mateusz Klich,Klich,Midfielder
13124,Jordan Amavi,Amavi,Defender
13125,José Crespo,Crespo,Defender
13128,Jordan Veretout,Veretout,Midfielder
13129,Jordan Lyden,Lyden,Midfielder
13130,Keinan Davis,Davis,Forward
13131,Kevin Toner,Toner,Defender
13145,Ashley Fletcher,Fletcher,Forward
13193,Jack Simpson,Simpson,Defender
13195,Sam Surridge,Surridge,Forward
13225,Sergi Canós,Canos,Forward
13229,Uwe Hünemeier,Hunemeier,Defender
13234,Tomer Hemed,Hemed,Forward
13240,Jonathan Kodjia,Kodjia,Forward
13248,Hamza Choudhury,Choudhury,Midfielder
13274,Ezri Konsa,Konsa,Defender
13278,Ademola Lookman,Lookman,Forward
13279,Abdul Rahman Baba,Baba,Defender
13280,Matt Miazga,Miazga,Defender
13281,Fikayo Tomori,Tomori,Defender
13283,Kasey Palmer,Palmer,Midfielder
13284,Alexandre Pato,Pato,Forward
13285,Kenedy,Kenedy,Forward
13286,Tammy Abraham,Abraham,Forward
13340,Luke Dreher,Dreher,Midfielder
13344,Matthew Cash,Cash,Defender
13387,Ramiro Mori,Mori,Defender
13388,Callum Connolly,Connolly,Defender
13389,Tom Davies,Davies,Midfielder
13390,Oumar Niasse,Niasse,Forward
13477,Josh Tymon,Tymon,Defender
13485,Bailey Peacock-Farrell,Peacock-Farrell,Goalkeeper
13490,Yohan Benalouane,Benalouane,Defender
13491,Ben Chilwell,Chilwell,Defender
13492,N'Golo Kanté,Kante,Midfielder
13494,Shinji Okazaki,Okazaki,Forward
13510,Pedro Chirivella,Chirivella,Midfielder
13511,Roberto Firmino,Firmino,Forward
13515,James Justin,Justin,Defender
13522,Maximilian Kilman,Kilman,Defender
13549,Tosin Adarabioyo,Adarabioyo,Defender
13552,Manu García,Garcia,Midfielder
13554,Kelechi Iheanacho,Iheanacho,Forward
13555,Sergio Romero,Romero,Goalkeeper
13556,Joel Pereira,Pereira,Goalkeeper
13558,Donald Love,Love,Defender
13559,Axel Tuanzebe,Tuanzebe,Defender
13560,Cameron Borthwick-Jackson,Borthwick-Jackson,Defender
13561,Timothy Fosu-Mensah,Fosu-Mensah,Defender
13563,James Weir,Weir,Midfielder
13565,Marcus Rashford,Rashford,Forward
13573,Cristhian Stuani,Stuani,Forward
13702,Charlie Goode,Goode,Defender
13703,Aaron Ramsdale,Ramsdale,Goalkeeper
13706,David Brooks,Brooks,Midfielder
13716,Cuco Martina,Martina,Defender
13718,Juanmi,Juanmi,Forward
13777,Jakob Haugaard,Haugaard,Goalkeeper
13791,Lamine Koné,Kone,Defender
13793,Wahbi Khazri,Khazri,Forward
13794,Rees Greenwood,Greenwood,Midfielder
13795,Kristoffer Nordfeldt,Nordfeldt,Goalkeeper
13796,Joe Rodon,Rodon,Defender
13797,Daniel James,James,Midfielder
13798,Alberto Paloschi,Paloschi,Forward
13799,Éder,Eder,Forward
13813,Kevin Wimmer,Wimmer,Defender
13815,Kyle Walker-Peters,Walker-Peters,Defender
13821,Allan-Roméo Nyom,Nyom,Defender
13822,Sebastian Prödl,Prodl,Defender
13823,Abdoulaye Doucouré,Doucoure,Midfielder
13824,José Manuel Jurado,Jurado,Midfielder
13866,Jonathan Leko,Leko,Forward
13867,Sam Field,Field,Midfielder
13869,Kyle Edwards,Edwards,Midfielder
13871,Pedro Obiang,Obiang,Midfielder
13872,Manuel Lanzini,Lanzini,Midfielder
13875,Emmanuel Emenike,Emenike,Forward
13917,Connor Roberts,Roberts,Defender
13957,Papy Djilobodji,Djilobodji,Defender
13961,Harry Wilson,Wilson,Midfielder
13985,Marko Grujic,Grujic,Midfielder
13988,Dean Henderson,Henderson,Goalkeeper
14051,Nathaniel Phillips,Phillips,Defender
14063,Chris Mepham,Mepham,Defender
14164,Aaron Wan-Bissaka,Wan-Bissaka,Defender
14170,Levi Lumeka,Lumeka,Forward
14283,George Hirst,Hirst,Forward
14298,Michael Folivi,Folivi,Forward
14393,Jamie Shackleton,Shackleton,Midfielder
14428,João Virgínia,Virginia,Goalkeeper
14441,Josh Benson,Benson,Midfielder
14445,Emile Smith Rowe,Rowe,Midfielder
14446,Joseph Willock,Willock,Midfielder
14450,Reiss Nelson,Nelson,Forward
14451,Eddie Nketiah,Nketiah,Forward
14452,Nathan Tella,Tella,Midfielder
14457,Josh Dasilva,Dasilva,Midfielder
14538,Robert Sánchez,Sanchez,Goalkeeper
14548,Benjamin White,White,Defender
14569,Marc Guéhi,Guehi,Defender
14571,Reece James,James,Defender
14575,Trevoh Chalobah,Chalobah,Defender
14580,Mason Mount,Mount,Midfielder
14608,Jayden Bogle,Bogle,Defender
14623,Beni Baningime,Baningime,Midfielder
14624,Antonee Robinson,Robinson,Defender
14636,Nathan Broadhead,Broadhead,Forward
14637,Nathan Holland,Holland,Midfielder
14656,Ryan Sessegnon,Sessegnon,Midfielder
14706,Kiernan Dewsbury-Hall,Dewsbury-Hall,Midfielder
14716,Harvey Barnes,Barnes,Midfielder
14723,Caoimhin Kelleher,Kelleher,Goalkeeper
14732,Trent Alexander-Arnold,Alexander-Arnold,Defender
14742,Rhian Brewster,Brewster,Forward
14753,Ovie Ejaria,Ejaria,Midfielder
14758,Ben Woodburn,Woodburn,Midfielder
14771,Demeaco Duhaney,Duhaney,Defender
14779,Kean Bryan,Bryan,Defender
14800,Brahim Díaz,Diaz,Forward
14801,Jadon Sancho,Sancho,Forward
14804,Tyrese Campbell,Campbell,Forward
14805,Phil Foden,Foden,Midfielder
14807,Lukas Nmecha,Nmecha,Forward
14822,Demetri Mitchell,Mitchell,Defender
14824,Scott McTominay,McTominay,Midfielder
14829,Jimmy Dunne,Dunne,Defender
14830,Angel Gomes,Gomes,Midfielder
14897,Sean Longstaff,Longstaff,Midfielder
14903,Matthew Longstaff,Longstaff,Midfielder
14938,Jamal Lewis,Lewis,Defender
14944,Todd Cantwell,Cantwell,Midfielder
14997,William Smallbone,Smallbone,Forward
15002,Callum Slattery,Slattery,Midfielder
15011,Yan Valery,Valery,Defender
15013,Jake Vokins,Vokins,Defender
15017,Tyreke Johnson,Johnson,Forward
15019,Daniel N'Lundulu,N'Lundulu,Forward
15038,Thomas Edwards,Edwards,Defender
15045,Lasse Sørensen,Sorensen,Midfielder
15052,Julien Ngoy,Ngoy,Forward
15079,Joel Asoro,Asoro,Forward
15116,Japhet Tanganga,Tanganga,Defender
15128,Luke Amos,Amos,Midfielder
15154,Dara O'Shea,O'Shea,Defender
15170,Marcus Forss,Forss,Forward
15199,Grady Diangana,Diangana,Midfielder
15202,Declan Rice,Rice,Midfielder
15212,Ben Johnson,Johnson,Midfielder
15259,Morgan Gibbs-White,Gibbs-White,Midfielder
15269,Angus Gunn,Gunn,Goalkeeper
15285,Matthew Worthington,Worthington,Midfielder
15293,Jayson Molumby,Molumby,Midfielder
15374,Josh Sims,Sims,Midfielder
15480,Alireza Jahanbakhsh,Jahanbakhsh,Forward
15481,Vincent Janssen,Janssen,Forward
15549,Frédéric Guilbert,Guilbert,Defender
15558,Moritz Leitner,Leitner,Midfielder
15559,Christian Pulisic,Pulisic,Midfielder
15580,Wesley Moraes,Moraes,Forward
15608,Ragnar Klavan,Klavan,Defender
15685,Alexander Sørloth,Sorloth,Forward
15687,Juninho Bacuna,Bacuna,Midfielder
15715,José Sá,Sa,Goalkeeper
15759,Edimilson Fernandes,Fernandes,Midfielder
15791,Ozan Tufan,Tufan,Midfielder
15938,Georges-Kévin Nkoudou,Nkoudou,Midfielder
15967,Mohamed Elyounoussi,Elyounoussi,Midfielder
15989,Guido Carrillo,Carrillo,Forward
15994,Allan,Allan,Midfielder
16006,Konstantinos Tsimikas,Tsimikas,Defender
16087,Trézéguet,Trezeguet,Midfielder
16088,Dodi Lukébakio,Lukebakio,Forward
16204,Willy Boly,Boly,Defender
16234,Ezequiel Schelotto,Schelotto,Defender
16256,Neal Maupay,Maupay,Forward
16286,Rodri,Rodri,Midfielder
16431,Rúben Dias,Dias,Defender
16524,Arnaut Danjuma,Danjuma,Forward
16550,Filip Lesniak,Lesniak,Midfielder
16592,Josh Harrop,Harrop,Midfielder
16607,Florian Lejeune,Lejeune,Defender
16622,Borja Bastón,Baston,Forward
16640,Marçal,Marcal,Defender
16642,Nélson Semedo,Semedo,Defender
16646,Renato Sanches,Sanches,Midfielder
16719,Simone Zaza,Zaza,Forward
16747,Laurent Depoitre,Depoitre,Forward
16758,Maxwel Cornet,Cornet,Midfielder
16788,Odsonne Édouard,Edouard,Forward
16790,Davy Pröpper,Propper,Midfielder
16793,Kiko Casilla,Casilla,Goalkeeper
16801,Antonio Rüdiger,Rudiger,Defender
16803,Emerson,Emerson,Defender
19564,Jesús Vallejo,Vallejo,Defender
19589,Jan Bednarek,Bednarek,Defender
19591,Dimitris Giannoulis,Giannoulis,Defender
19599,Luis Hernández,Hernandez,Defender
19600,Loris Karius,Karius,Goalkeeper
19601,Bernardo Espinosa,Espinosa,Defender
19603,Lys Mousset,Mousset,Forward
19604,Nolito,Nolito,Forward
19605,Christian Kabasele,Kabasele,Defender
19606,Floyd Ayité,Ayite,Forward
19607,Christopher Schindler,Schindler,Defender
19608,Chris Löwe,Lowe,Defender
19609,Michael Hefele,Hefele,Defender
19611,Elias Kachunga,Kachunga,Forward
19617,Nampalys Mendy,Mendy,Midfielder
19618,Isaac Success,Success,Forward
19619,Aaron Mooy,Mooy,Midfielder
19620,Oleksandr Zinchenko,Zinchenko,Midfielder
19621,Marten de Roon,Roon,Midfielder
19673,Ramadan Sobhi,Sobhi,Midfielder
19675,Michael McGovern,McGovern,Goalkeeper
19677,Brandon Mason,Mason,Defender
19678,Domingos Quina,Quina,Midfielder
19680,Gabriel Jesus,Jesus,Forward
19731,Ethan Ampadu,Ampadu,Defender
19752,Akin Famewo,Famewo,Defender
19758,Diogo Jota,Jota,Forward
19771,Fabri,Fabri,Goalkeeper
19778,Mikel Merino,Merino,Midfielder
19851,Giovani Lo Celso,Celso,Midfielder
19859,Jonathan Calleri,Calleri,Forward
19869,Dominic Thompson,Thompson,Defender
19871,Folarin Balogun,Balogun,Forward
19888,Jacob Ramsey,Ramsey,Midfielder
19890,Lewis Brunt,Brunt,Midfielder
19925,Ellis Simms,Simms,Forward
19928,Taylor Richards,Richards,Midfielder
19929,Ian Poveda-Ocampo,Poveda-Ocampo,Forward
19967,Kelland Watts,Watts,Defender
19970,Max Aarons,Aarons,Defender
20048,Josh Maja,Maja,Forward
20064,Jeremy Ngakia,Ngakia,Defender
20095,Aiden O'Neill,O'Neill,Midfielder
20097,Pablo Marí,Mari,Defender
20101,Rekeem Harper,Harper,Midfielder
20109,Jannik Vestergaard,Vestergaard,Defender
20113,Kristoffer Ajer,Ajer,Defender
20171,Rúben Vinagre,Vinagre,Defender
20178,Neeskens Kebano,Kebano,Midfielder
20183,Leon Balogun,Balogun,Defender
20187,Jean-Philippe Gbamin,Gbamin,Midfielder
20196,Yoshinori Muto,Muto,Forward
20224,Davinson Sánchez,Sanchez,Defender
20261,Wout Weghorst,Weghorst,Forward
20277,Jonny,Jonny,Defender
20337,Hwang Hee-Chan,Hee-Chan,Forward
20479,Wilfred Ndidi,Ndidi,Midfielder
20486,Leandro Trossard,Trossard,Forward
20489,Leon Bailey,Bailey,Forward
20490,Mbwana Samatta,Samatta,Forward
20499,Malang Sarr,Sarr,Defender
20503,Maxime Le Marchand,Marchand,Defender
20517,Saïd Benrahma,Benrahma,Forward
20538,Papa Ndiaye,Ndiaye,Midfielder
20559,Alisson,Alisson,Goalkeeper
20607,Joelinton,Joelinton,Forward
20646,Isaac Mbenza,Mbenza,Forward
20701,Emmanuel Dennis,Dennis,Forward
20708,Didier Ndong,Ndong,Midfielder
20723,Steven Alzate,Alzate,Forward
20745,Romain Saïss,Saiss,Midfielder
20750,Hakim Ziyech,Ziyech,Midfielder
20789,Jonathan Benteke,Benteke,Forward
20810,Kai Havertz,Havertz,Midfielder
20858,Tahith Chong,Chong,Forward
20874,Jean-Philippe Mateta,Mateta,Forward
20929,Ben Wilmot,Wilmot,Defender
20958,Moise Kean,Kean,Forward
21297,Mads Roerslev,Roerslev,Defender
21413,Oliver Skipp,Skipp,Midfielder
21468,Andrew Eleftheriou,Eleftheriou,Defender
21495,Romain Perraud,Perraud,Defender
21532,Michael Obafemi,Obafemi,Forward
21584,Eberechi Eze,Eze,Midfielder
21585,Lloyd Kelly,Kelly,Defender
21612,William Troost-Ekong,Troost-Ekong,Defender
21614,Sander Berge,Berge,Midfielder
21653,Aaron Connolly,Connolly,Forward
21677,Collin Quaner,Quaner,Forward
21714,Samuel Kalu,Kalu,Forward
21730,Molla Wagué,Wague,Defender
21731,Kamil Grosicki,Grosicki,Midfielder
21887,Conor Gallagher,Gallagher,Midfielder
21903,Dion Pereira,Pereira,Midfielder
21998,Pedro Neto,Neto,Forward
22040,Mario Vrancic,Vrancic,Midfielder
22043,Ethan Pinnock,Pinnock,Defender
22046,Callum Paterson,Paterson,Forward
22047,Christoph Zimmermann,Zimmermann,Defender
22542,Pascal Groß,Gross,Midfielder
22546,Kiko Femenía,Femenia,Defender
22570,Steve Mounié,Mounie,Forward
22575,Roque Mesa,Mesa,Midfielder
22591,Abdelhamid Sabiri,Sabiri,Midfielder
22651,Marc Navarro,Navarro,Defender
22698,Ezgjan Alioski,Alioski,Midfielder
22802,Rodrigo Bentancur,Bentancur,Midfielder
22866,Juraj Kucka,Kucka,Midfielder
22870,Patrick Cutrone,Cutrone,Forward
22952,Víctor Camarasa,Camarasa,Midfielder
23033,Lucas Torreira,Torreira,Midfielder
23152,Kristoffer Klaesson,Klaesson,Goalkeeper
23194,Vitaly Janelt,Janelt,Midfielder
23199,Marco Stiepermann,Stiepermann,Forward
23396,Bruno Fernandes,Fernandes,Midfielder
23520,Loïc Damour,Damour,Midfielder
23556,Mathias Normann,Normann,Midfielder
23575,Filip Krovinovic,Krovinovic,Midfielder
23585,Álvaro Fernández,Fernandez,Goalkeeper
23591,Bernardo,Bernardo,Defender
23593,Ibrahima Konaté,Konate,Defender
23599,Timo Werner,Werner,Forward
23612,Cengiz Ünder,Under,Forward
23702,Callum Hudson-Odoi,Hudson-Odoi,Forward
23704,Tariq Lamptey,Lamptey,Defender
23747,Anthony Gordon,Gordon,Forward
23784,Thakgalo Leshabela,Leshabela,Midfielder
23796,Luke Thomas,Thomas,Defender
23797,Sidnei Tavares,Tavares,Midfielder
23811,Neco Williams,Williams,Defender
23813,Rhys Williams,Williams,Defender
23815,Curtis Jones,Jones,Midfielder
23820,Rafael Camacho,Camacho,Midfielder
23834,Brandon Williams,Williams,Defender
23841,James Garner,Garner,Midfielder
23903,Bali Mumba,Mumba,Defender
23911,Sam Greenwood,Greenwood,Forward
23976,Nathan Ferguson,Ferguson,Defender
23989,Luke Cundle,Cundle,Midfielder
23994,Owen Otasowie,Otasowie,Midfielder
24001,Kayne Ramsay,Ramsay,Defender
24128,Milot Rashica,Rashica,Midfielder
24151,Xande Silva,Silva,Forward
24156,Raphinha,Raphinha,Forward
24221,Billy Gilmour,Gilmour,Midfielder
24252,Diogo Dalot,Dalot,Defender
24253,Adama Diakhaby,Diakhaby,Forward
24334,Tyrick Mitchell,Mitchell,Defender
24412,Tom Trybull,Trybull,Midfielder
24626,Douglas Luiz,Luiz,Midfielder
24630,Richarlison,Richarlison,Forward
24635,Eric García,Garcia,Defender
24637,Tommy Doyle,Doyle,Midfielder
24641,Adam Idah,Idah,Forward
24659,Nathan Collins,Collins,Defender
24704,Tyrese Francois,Francois,Midfielder
24708,Faustino Anjorin,Anjorin,Midfielder
24773,Shandon Baptiste,Baptiste,Midfielder
24797,Dwight McNeil,McNeil,Forward
24811,Cody Drameh,Drameh,Defender
24983,Vitalii Mykolenko,Mykolenko,Defender
24994,Patson Daka,Daka,Forward
25068,Morgan Sanson,Sanson,Midfielder
25071,Pierre Lees-Melou,Lees-Melou,Midfielder
25089,Ken Sema,Sema,Midfielder
25094,Saman Ghoddos,Ghoddos,Forward
25183,Tomas Soucek,Soucek,Midfielder
25191,Bruno Jordão,Jordao,Midfielder
25203,Lukas Rupp,Rupp,Midfielder
25246,Pablo Fornals,Fornals,Midfielder
25266,Mason Greenwood,Greenwood,Forward
25281,Cameron Archer,Archer,Forward
25292,Dimitri Foulquier,Foulquier,Defender
25309,Juan Foyth,Foyth,Defender
25311,Orestis Karnezis,Karnezis,Goalkeeper
25312,Nikola Vlasic,Vlasic,Midfielder
25313,Davide Zappacosta,Zappacosta,Defender
25329,Tanguy Ndombele,Ndombele,Midfielder
25435,Oskar Buur,Buur,Defender
25467,Enock Mwepu,Mwepu,Midfielder
25540,Mads Bech Sørensen,Sorensen,Defender
25892,Kevin Danso,Danso,Defender
26076,Diego Rico,Rico,Defender
26151,Joachim Andersen,Andersen,Defender
26216,Çaglar Söyüncü,Soyuncu,Defender
26220,Robin Koch,Koch,Defender
26408,Emiliano Buendía,Buendia,Midfielder
26977,Josh Martin,Martin,Midfielder
27277,Marc Cucurella,Cucurella,Defender
30533,Aaron Rowe,Rowe,Forward
30534,Daniel Chesters,Chesters,Midfielder
31442,Armando Broja,Broja,Forward
31670,Indiana Vassilev,Vassilev,Midfielder
31861,Albert Sambi Lokonga,Lokonga,Midfielder
31883,Harrison Ashby,Ashby,Defender
31905,Cucho Hernández,Hernandez,Forward
31936,Iliman Ndiaye,Ndiaye,Midfielder
32162,André-Frank Zambo Anguissa,Anguissa,Midfielder
32289,Fábio Carvalho,Carvalho,Midfielder
32298,Edo Kayembe,Kayembe,Midfielder
32435,Fabián Balbuena,Balbuena,Defender
32638,Konstantinos Mavropanos,Mavropanos,Defender
32700,Przemyslaw Placheta,Placheta,Midfielder
32796,Okay Yokuslu,Yokuslu,Midfielder
32838,Moritz Bauer,Bauer,Defender
32923,Yerry Mina,Mina,Defender
32936,Fousseni Diabaté,Diabate,Forward
32989,Michael Olise,Olise,Midfielder
32995,Jordan Thomas,Thomas,Defender
33046,Junior Firpo,Firpo,Defender
33061,Kenny McLean,McLean,Midfielder
33066,Onel Hernández,Hernandez,Midfielder
33067,Dennis Srbeny,Srbeny,Forward
33124,Pascal Struijk,Struijk,Defender
33135,Jack Harrison,Harrison,Midfielder
33185,Harvey Elliott,Elliott,Midfielder
35741,Tony Springett,Springett,Midfielder
35781,Allan Tchaptchet,Tchaptchet,Defender
37587,Florin Andone,Andone,Forward
37776,Jefferson Lerma,Lerma,Midfielder
39606,Sergio Reguilón,Reguilon,Defender
40320,Percy Tau,Tau,Forward
42331,Christian Nørgaard,Norgaard,Midfielder
43087,Peter Etebo,Etebo,Midfielder
43098,Ferran Torres,Torres,Forward
43856,Troy Parrott,Parrott,Forward
45351,Marvelous Nakamba,Nakamba,Midfielder
47181,Samir,Samir,Defender
49259,Anthony Elanga,Elanga,Forward
49270,James McAtee,McAtee,Midfielder
49293,Cole Palmer,Palmer,Midfielder
49316,Dejan Kulusevski,Kulusevski,Midfielder
49477,Finley Stevens,Stevens,Midfielder
49481,Bukayo Saka,Saka,Forward
49495,Valentino Livramento,Livramento,Defender
49501,Lewis Bate,Bate,Midfielder
49504,Jesurun Rak-Sakyi,Rak-Sakyi,Midfielder
49610,Ibrahima Diallo,Diallo,Midfielder
49716,Rúnar Rúnarsson,Runarsson,Goalkeeper
49726,Mathias Jensen,Jensen,Midfielder
49761,Sébastien Haller,Haller,Forward
49796,Ismaïla Sarr,Sarr,Forward
49884,Issa Diop,Diop,Defender
49956,Antonio Barreca,Barreca,Defender
49961,Lyanco,Lyanco,Defender
49990,Ibrahim Amadou,Amadou,Midfielder
49992,Adam Masina,Masina,Defender
50165,Ozan Kabak,Kabak,Defender
50230,Andi Zeqiri,Zeqiri,Forward
50234,Gabriel Magalhães,Magalhaes,Defender
50245,Yves Bissouma,Bissouma,Midfielder
50247,Boubakary Soumaré,Soumare,Midfielder
50252,Nicolas Pépé,Pepe,Forward
50453,Mark Travers,Travers,Goalkeeper
50501,Carlos Vinícius,Vinicius,Forward
50512,Mattéo Guendouzi,Guendouzi,Midfielder
50857,Gedson Fernandes,Fernandes,Midfielder
50960,Ignacio Pussetto,Pussetto,Forward
51209,Joshua Sargent,Sargent,Forward
51226,Nathan Young-Coombes,Young-Coombes,Forward
51238,Caleb Watts,Watts,Midfielder
51416,Ørjan Nyland,Nyland,Goalkeeper
51423,John McGinn,McGinn,Midfielder
51454,Leif Davis,Davis,Defender
51505,Max Thompson,Thompson,Forward
51510,Tyler Onyango,Onyango,Midfielder
51511,Lewis Dobbin,Dobbin,Forward
51553,Kasey McAteer,McAteer,Midfielder
51574,Tyler Morton,Morton,Midfielder
51582,William Fish,Fish,Defender
51593,Elliot Anderson,Anderson,Midfielder
51648,Chem Campbell,Campbell,Midfielder
51690,CJ Egan-Riley,Egan-Riley,Defender
51754,Joe Gelhardt,Gelhardt,Forward
51775,Mohammed Salisu,Salisu,Defender
51813,Liam Delap,Delap,Forward
52153,Moussa Djenepo,Djenepo,Midfielder
52613,Liam McCarron,McCarron,Midfielder
52931,Alexandre Jankewitz,Jankewitz,Midfielder
52951,Ki-Jana Hoever,Hoever,Midfielder
53085,Andrew Omobamidele,Omobamidele,Defender
53151,Brandon Pierrick,Pierrick,Forward
53182,Theo Corbeanu,Corbeanu,Forward
54056,Femi Seriki,Seriki,Defender
54144,Imrân Louza,Louza,Midfielder
54312,Miguel Almirón,Almiron,Midfielder
54392,Zack Steffen,Steffen,Goalkeeper
54889,Édouard Mendy,Mendy,Goalkeeper
54900,Hassane Kamara,Kamara,Defender
55700,Bryan Gil,Gil,Forward
63633,Alexis Mac Allister,Allister,Midfielder
63654,Emerson Royal,Royal,Defender
64140,Carney Chukwuemeka,Chukwuemeka,Midfielder
64142,Shola Shoretire,Shoretire,Forward
64147,Matty Daly,Daly,Midfielder
64519,Jaden Philogene-Bidace,Philogene-Bidace,Midfielder
65782,Jonathan Rowe,Rowe,Forward
65961,Crysencio Summerville,Summerville,Midfielder
66094,Nuno Tavares,Tavares,Defender
66104,Gabriel Martinelli,Martinelli,Midfielder
66284,Wesley Fofana,Fofana,Defender
66318,Jarrad Branthwaite,Branthwaite,Defender
66360,Bryan Mbeumo,Mbeumo,Midfielder
66378,Illan Meslier,Meslier,Goalkeeper
66494,Emil Krafth,Krafth,Defender
66538,Tim Iroegbunam,Iroegbunam,Midfielder
66570,Dane Scarlett,Scarlett,Forward
66635,Cristian Romero,Romero,Defender
66647,Mads Bidstrup,Bidstrup,Midfielder
66669,Luis Díaz,Diaz,Forward
66670,Fábio Silva,Silva,Forward
67196,Alex Král,Kral,Midfielder
67198,Lewis Richardson,Richardson,Forward
67454,Trincão,Trincao,Forward
67634,Vitinha,Vitinha,Midfielder
67704,Christos Tzolis,Tzolis,Forward
67899,Reda Khadra,Khadra,Midfielder
68593,Hannibal Mejbri,Mejbri,Midfielder
68857,Jeremy Sarmiento,Sarmiento,Forward
68987,Alejandro Garnacho,Garnacho,Midfielder
69176,Amad Diallo,Diallo,Forward
69286,Charlie Cresswell,Cresswell,Defender
69288,Stuart McKinstry,McKinstry,Midfielder
69617,Sonny Perkins,Perkins,Midfielder
70216,Isaac Price,Price,Forward
70228,Kaide Gordon,Gordon,Forward
71432,Rayan Aït-Nouri,Ait-Nouri,Defender
71590,Evan Ferguson,Ferguson,Forward
72119,Francisco Sierralta,Sierralta,Defender
72371,João Pedro,Pedro,Forward
74761,Bruno Guimarães,Guimaraes,Midfielder
75991,Joel Mumbongo,Mumbongo,Forward
76258,Niels Nkounkou,Nkounkou,Defender
76261,Jacob Sørensen,Sorensen,Midfielder
83496,Antwoine Hackford,Hackford,Forward
92635,Toti,Toti,Defender
104260,Niall Huggins,Huggins,Defender
108612,Frank Onyeka,Onyeka,Midfielder
108751,Jakub Moder,Moder,Midfielder
111987,Daniel Jebbison,Jebbison,Forward
112203,Moisés Caicedo,Caicedo,Midfielder
112246,Leo Fuhr Hjelde,Hjelde,Defender
115169,Takehiro Tomiyasu,Tomiyasu,Defender
117497,Yoane Wissa,Wissa,Midfielder
120096,Kayky,Kayky,Forward
122388,Chiquinho,Chiquinho,Forward
